hsa-let-7a-1,UGGGAUGAGGUAGUAGGUUGUAUAGUUUUAGGGUCACACCCACCACUGGGAGAUAACUAUACAAUCUACUGUCUUUCCUA
hsa-let-7a-2,AGGUUGAGGUAGUAGGUUGUAUAGUUUAGAAUUACAUCAAGGGAGAUAACUGUACAGCCUCCUAGCUUUCCU
hsa-let-7a-3,GGGUGAGGUAGUAGGUUGUAUAGUUUGGGGCUCUGCCCUGCUAUGGGAUAACUAUACAAUCUACUGUCUUUCCU
hsa-let-7b,CGGGGUGAGGUAGUAGGUUGUGUGGUUUCAGGGCAGUGAUGUUGCCCCUCGGAAGAUAACUAUACAACCUACUGCCUUCCCUG
hsa-let-7c,GCAUCCGGGUUGAGGUAGUAGGUUGUAUGGUUUAGAGUUACACCCUGGGAGUUAACUGUACAACCUUCUAGCUUUCCUUGGAGC
hsa-let-7d,CCUAGGAAGAGGUAGUAGGUUGCAUAGUUUUAGGGCAGGGAUUUUGCCCACAAGGAGGUAACUAUACGACCUGCUGCCUUUCUUAGG
hsa-let-7e,CCCGGGCUGAGGUAGGAGGUUGUAUAGUUGAGGAGGACACCCAAGGAGAUCACUAUACGGCCUCCUAGCUUUCCCCAGG
hsa-let-7f-1,UCAGAGUGAGGUAGUAGAUUGUAUAGUUGUGGGGUAGUGAUUUUACCCUGUUCAGGAGAUAACUAUACAAUCUAUUGCCUUCCCUGA
hsa-let-7f-2,UGUGGGAUGAGGUAGUAGAUUGUAUAGUUUUAGGGUCAUACCCCAUCUUGGAGAUAACUAUACAGUCUACUGUCUUUCCCACG
hsa-mir-15a,CCUUGGAGUAAAGUAGCAGCACAUAAUGGUUUGUGGAUUUUGAAAAGGUGCAGGCCAUAUUGUGCUGCCUCAAAAAUACAAGG
hsa-mir-16-1,GUCAGCAGUGCCUUAGCAGCACGUAAAUAUUGGCGUUAAGAUUCUAAAAUUAUCUCCAGUAUUAACUGUGCUGCUGAAGUAAGGUUGAC
hsa-mir-16-2,GUUCCACUCUAGCAGCACGUAAAUAUUGGCGUAGUGAAAUAUAUAUUAAACACCAAUAUUACUGUGCUGCUUUAGUGUGAC
hsa-mir-17,GUCAGAAUAAUGUCAAAGUGCUUACAGUGCAGGUAGUGAUAUGUGCAUCUACUGCAGUGAAGGCACUUGUAGCAUUAUGGUGAC
hsa-mir-18a,UGUUCUAAGGUGCAUCUAGUGCAGAUAGUGAAGUAGAUUAGCAUCUACUGCCCUAAGUGCUCCUUCUGGCA
hsa-mir-19a,GCAGUCCUCUGUUAGUUUUGCAUAGUUGCACUACAAGAAGAAUGUAGUUGUGCAAAUCUAUGCAAAACUGAUGGUGGCCUGC
hsa-mir-19b-1,CACUGUUCUAUGGUUAGUUUUGCAGGUUUGCAUCCAGCUGUGUGAUAUUCUGCUGUGCAAAUCCAUGCAAAACUGACUGUGGUAGUG
hsa-mir-19b-2,ACAUUGCUACUUACAAUUAGUUUUGCAGGUUUGCAUUUCAGCGUAUAUAUGUAUAUGUGGCUGUGCAAAUCCAUGCAAAACUGAUUGUGAUAAUGU
hsa-mir-20a,GUAGCACUAAAGUGCUUAUAGUGCAGGUAGUGUUUAGUUAUCUACUGCAUUAUGAGCACUUAAAGUACUGC
hsa-mir-21,UGUCGGGUAGCUUAUCAGACUGAUGUUGACUGUUGAAUCUCAUGGCAACACCAGUCGAUGGGCUGUCUGACA
hsa-mir-22,GGCUGAGCCGCAGUAGUUCUUCAGUGGCAAGCUUUAUGUCCUGACCCAGCUAAAGCUGCCAGUUGAAGAACUGUUGCCCUCUGCC
hsa-mir-23a,GGCCGGCUGGGGUUCCUGGGGAUGGGAUUUGCUUCCUGUCACAAAUCACAUUGCCAGGGAUUUCCAACCGACC
hsa-mir-24-1,CUCCGGUGCCUACUGAGCUGAUAUCAGUUCUCAUUUUACACACUGGCUCAGUUCAGCAGGAACAGGAG
hsa-mir-24-2,CUCUGCCUCCCGUGCCUACUGAGCUGAAACACAGUUGGUUUGUGUACACUGGCUCAGUUCAGCAGGAACAGGG
hsa-mir-25,GGCCAGUGUUGAGAGGCGGAGACUUGGGCAAUUGCUGGACGCUGCCCUGGGCAUUGCACUUGUCUCGGUCUGACAGUGCCGGCC
hsa-mir-26a-1,GUGGCCUCGUUCAAGUAAUCCAGGAUAGGCUGUGCAGGUCCCAAUGGGCCUAUUCUUGGUUACUUGCACGGGGACGC
hsa-mir-26a-2,GGCUGUGGCUGGAUUCAAGUAAUCCAGGAUAGGCUGUUUCCAUCUGUGAGGCCUAUUCUUGAUUACUUGUUUCUGGAGGCAGCU
hsa-mir-26b,CCGGGACCCAGUUCAAGUAAUUCAGGAUAGGUUGUGUGCUGUCCAGCCUGUUCUCCAUUACUUGGCUCGGGGACCGG
hsa-mir-27a,CUGAGGAGCAGGGCUUAGCUGCUUGUGAGCAGGGUCCACACCAAGUCGUGUUCACAGUGGCUAAGUUCCGCCCCCCAG
hsa-mir-28,GGUCCUUGCCCUCAAGGAGCUCACAGUCUAUUGAGUUACCUUUCUGACUUUCCCACUAGAUUGUGAGCUCCUGGAGGGCAGGCACU
hsa-mir-29a,AUGACUGAUUUCUUUUGGUGUUCAGAGUCAAUAUAAUUUUCUAGCACCAUCUGAAAUCGGUUAU
hsa-mir-30a,GCGACUGUAAACAUCCUCGACUGGAAGCUGUGAAGCCACAGAUGGGCUUUCAGUCGGAUGUUUGCAGCUGC
hsa-mir-31,GGAGAGGAGGCAAGAUGCUGGCAUAGCUGUUGAACUGGGAACCUGCUAUGCCAACAUAUUGCCAUCUUUCC
hsa-mir-32,GGAGAUAUUGCACAUUACUAAGUUGCAUGUUGUCACGGCCUCAAUGCAAUUUAGUGUGUGUGAUAUUUUC
hsa-mir-33a,CUGUGGUGCAUUGUAGUUGCAUUGCAUGUUCUGGUGGUACCCAUGCAAUGUUUCCACAGUGCAUCACAG
hsa-mir-92a-1,CUUUCUACACAGGUUGGGAUCGGUUGCAAUGCUGUGUUUCUGUAUGGUAUUGCACUUGUCCCGGCCUGUUGAGUUUGG
hsa-mir-92a-2,UCAUCCCUGGGUGGGGAUUUGUUGCAUUACUUGUGUUCUAUAUAAAGUAUUGCACUUGUCCCGGCCUGUGGAAGA
hsa-mir-93,CUGGGGGCUCCAAAGUGCUGUUCGUGCAGGUAGUGUGAUUACCCAACCUACUGCUGAGCUAGCACUUCCCGAGCCCCCGG
hsa-mir-95,AACACAGUGGGCACUCAAUAAAUGUCUGUUGAAUUGAAAUGCGUUACAUUCAACGGGUAUUUAUUGAGCACCCACUCUGUG
hsa-mir-96,UGGCCGAUUUUGGCACUAGCACAUUUUUGCUUGUGUCUCUCCGCUCUGAGCAAUCAUGUGCAGUGCCAAUAUGGGAAA
hsa-mir-98,AGGAUUCUGCUCAUGCCAGGGUGAGGUAGUAAGUUGUAUUGUUGUGGGGUAGGGAUAUUAGGCCCCAAUUAGAAGAUAACUAUACAACUUACUACUUUCCCUGGUGUGUGGCAUAUUCA
hsa-mir-99a,CCCAUUGGCAUAAACCCGUAGAUCCGAUCUUGUGGUGAAGUGGACCGCACAAGCUCGCUUCUAUGGGUCUGUGUCAGUGUG
hsa-mir-100,CCUGUUGCCACAAACCCGUAGAUCCGAACUUGUGGUAUUAGUCCGCACAAGCUUGUAUCUAUAGGUAUGUGUCUGUUAGG
hsa-mir-101-1,UGCCCUGGCUCAGUUAUCACAGUGCUGAUGCUGUCUAUUCUAAAGGUACAGUACUGUGAUAACUGAAGGAUGGCA
hsa-mir-29b-1,CUUCAGGAAGCUGGUUUCAUAUGGUGGUUUAGAUUUAAAUAGUGAUUGUCUAGCACCAUUUGAAAUCAGUGUUCUUGGGGG
hsa-mir-29b-2,CUUCUGGAAGCUGGUUUCACAUGGUGGCUUAGAUUUUUCCAUCUUUGUAUCUAGCACCAUUUGAAAUCAGUGUUUUAGGAG
hsa-mir-103a-2,UUGUGCUUUCAGCUUCUUUACAGUGCUGCCUUGUAGCAUUCAGGUCAAGCAGCAUUGUACAGGGCUAUGAAAGAACCA
hsa-mir-105-1,UGUGCAUCGUGGUCAAAUGCUCAGACUCCUGUGGUGGCUGCUCAUGCACCACGGAUGUUUGAGCAUGUGCUACGGUGUCUA
hsa-mir-105-2,UGUGCAUCGUGGUCAAAUGCUCAGACUCCUGUGGUGGCUGCUUAUGCACCACGGAUGUUUGAGCAUGUGCUAUGGUGUCUA
hsa-mir-106a,CCUUGGCCAUGUAAAAGUGCUUACAGUGCAGGUAGCUUUUUGAGAUCUACUGCAAUGUAAGCACUUCUUACAUUACCAUGG
hsa-mir-107,CUCUCUGCUUUCAGCUUCUUUACAGUGUUGCCUUGUGGCAUGGAGUUCAAGCAGCAUUGUACAGGGCUAUCAAAGCACAGA
hsa-mir-192,GCCGAGACCGAGUGCACAGGGCUCUGACCUAUGAAUUGACAGCCAGUGCUCUCGUCUCCCCUCUGGCUGCCAAUUCCAUAGGUCACAGGUAUGUUCGCCUCAAUGCCAGC
hsa-mir-196a-1,GUGAAUUAGGUAGUUUCAUGUUGUUGGGCCUGGGUUUCUGAACACAACAACAUUAAACCACCCGAUUCAC
hsa-mir-196a-2,UGCUCGCUCAGCUGAUCUGUGGCUUAGGUAGUUUCAUGUUGUUGGGAUUGAGUUUUGAACUCGGCAACAAGAAACUGCCUGAGUUACAUCAGUCGGUUUUCGUCGAGGGC
hsa-mir-197,GGCUGUGCCGGGUAGAGAGGGCAGUGGGAGGUAAGAGCUCUUCACCCUUCACCACCUUCUCCACCCAGCAUGGCC
hsa-mir-198,UCAUUGGUCCAGAGGGGAGAUAGGUUCCUGUGAUUUUUCCUUCUUCUCUAUAGAAUAAAUGA
hsa-mir-199a-1,GCCAACCCAGUGUUCAGACUACCUGUUCAGGAGGCUCUCAAUGUGUACAGUAGUCUGCACAUUGGUUAGGC
hsa-mir-199a-2,AGGAAGCUUCUGGAGAUCCUGCUCCGUCGCCCCAGUGUUCAGACUACCUGUUCAGGACAAUGCCGUUGUACAGUAGUCUGCACAUUGGUUAGACUGGGCAAGGGAGAGCA
hsa-mir-208a,UGACGGGCGAGCUUUUGGCCCGGGUUAUACCUGAUGCUCACGUAUAAGACGAGCAAAAAGCUUGUUGGUCA
hsa-mir-129-1,GGAUCUUUUUGCGGUCUGGGCUUGCUGUUCCUCUCAACAGUAGUCAGGAAGCCCUUACCCCAAAAAGUAUCU
hsa-mir-129-2,UGCCCUUCGCGAAUCUUUUUGCGGUCUGGGCUUGCUGUACAUAACUCAAUAGCCGGAAGCCCUUACCCCAAAAAGCAUUUGCGGAGGGCG
hsa-mir-148a,GAGGCAAAGUUCUGAGACACUCCGACUCUGAGUAUGAUAGAAGUCAGUGCACUACAGAACUUUGUCUC
hsa-mir-30c-2,AGAUACUGUAAACAUCCUACACUCUCAGCUGUGGAAAGUAAGAAAGCUGGGAGAAGGCUGUUUACUCUUUCU
hsa-mir-30c-1,ACCAUGCUGUAGUGUGUGUAAACAUCCUACACUCUCAGCUGUGAGCUCAAGGUGGCUGGGAGAGGGUUGUUUACUCCUUCUGCCAUGGA
hsa-mir-30d,GUUGUUGUAAACAUCCCCGACUGGAAGCUGUAAGACACAGCUAAGCUUUCAGUCAGAUGUUUGCUGCUAC
hsa-mir-139,GUGUAUUCUACAGUGCACGUGUCUCCAGUGUGGCUCGGAGGCUGGAGACGCGGCCCUGUUGGAGUAAC
hsa-mir-147a,AAUCUAAAGACAACAUUUCUGCACACACACCAGACUAUGGAAGCCAGUGUGUGGAAAUGCUUCUGCUAGAUU
hsa-mir-7-1,UUGGAUGUUGGCCUAGUUCUGUGUGGAAGACUAGUGAUUUUGUUGUUUUUAGAUAACUAAAUCGACAACAAAUCACAGUCUGCCAUAUGGCACAGGCCAUGCCUCUACAG
hsa-mir-7-2,CUGGAUACAGAGUGGACCGGCUGGCCCCAUCUGGAAGACUAGUGAUUUUGUUGUUGUCUUACUGCGCUCAACAACAAAUCCCAGUCUACCUAAUGGUGCCAGCCAUCGCA
hsa-mir-7-3,AGAUUAGAGUGGCUGUGGUCUAGUGCUGUGUGGAAGACUAGUGAUUUUGUUGUUCUGAUGUACUACGACAACAAGUCACAGCCGGCCUCAUAGCGCAGACUCCCUUCGAC
hsa-mir-10a,GAUCUGUCUGUCUUCUGUAUAUACCCUGUAGAUCCGAAUUUGUGUAAGGAAUUUUGUGGUCACAAAUUCGUAUCUAGGGGAAUAUGUAGUUGACAUAAACACUCCGCUCU
hsa-mir-10b,CCAGAGGUUGUAACGUUGUCUAUAUAUACCCUGUAGAACCGAAUUUGUGUGGUAUCCGUAUAGUCACAGAUUCGAUUCUAGGGGAAUAUAUGGUCGAUGCAAAAACUUCA
hsa-mir-34a,GGCCAGCUGUGAGUGUUUCUUUGGCAGUGUCUUAGCUGGUUGUUGUGAGCAAUAGUAAGGAAGCAAUCAGCAAGUAUACUGCCCUAGAAGUGCUGCACGUUGUGGGGCCC
hsa-mir-181a-2,AGAAGGGCUAUCAGGCCAGCCUUCAGAGGACUCCAAGGAACAUUCAACGCUGUCGGUGAGUUUGGGAUUUGAAAAAACCACUGACCGUUGACUGUACCUUGGGGUCCUUA
hsa-mir-181a-1,UGAGUUUUGAGGUUGCUUCAGUGAACAUUCAACGCUGUCGGUGAGUUUGGAAUUAAAAUCAAAACCAUCGACCGUUGAUUGUACCCUAUGGCUAACCAUCAUCUACUCCA
hsa-mir-181b-1,CCUGUGCAGAGAUUAUUUUUUAAAAGGUCACAAUCAACAUUCAUUGCUGUCGGUGGGUUGAACUGUGUGGACAAGCUCACUGAACAAUGAAUGCAACUGUGGCCCCGCUU
hsa-mir-181b-2,CUGAUGGCUGCACUCAACAUUCAUUGCUGUCGGUGGGUUUGAGUCUGAAUCAACUCACUGAUCAAUGAAUGCAAACUGCGGACCAAACA
hsa-mir-181c,CGGAAAAUUUGCCAAGGGUUUGGGGGAACAUUCAACCUGUCGGUGAGUUUGGGCAGCUCAGGCAAACCAUCGACCGUUGAGUGGACCCUGAGGCCUGGAAUUGCCAUCCU
hsa-mir-182,GAGCUGCUUGCCUCCCCCCGUUUUUGGCAAUGGUAGAACUCACACUGGUGAGGUAACAGGAUCCGGUGGUUCUAGACUUGCCAACUAUGGGGCGAGGACUCAGCCGGCAC
hsa-mir-183,CCGCAGAGUGUGACUCCUGUUCUGUGUAUGGCACUGGUAGAAUUCACUGUGAACAGUCUCAGUCAGUGAAUUACCGAAGGGCCAUAAACAGAGCAGAGACAGAUCCACGA
hsa-mir-187,GGUCGGGCUCACCAUGACACAGUGUGAGACCUCGGGCUACAACACAGGACCCGGGCGCUGCUCUGACCCCUCGUGUCUUGUGUUGCAGCCGGAGGGACGCAGGUCCGCA
hsa-mir-199b,CCAGAGGACACCUCCACUCCGUCUACCCAGUGUUUAGACUAUCUGUUCAGGACUCCCAAAUUGUACAGUAGUCUGCACAUUGGUUAGGCUGGGCUGGGUUAGACCCUCGG
hsa-mir-203a,GUGUUGGGGACUCGCGCGCUGGGUCCAGUGGUUCUUAACAGUUCAACAGUUCUGUAGCGCAAUUGUGAAAUGUUUAGGACCACUAGACCCGGCGGGCGCGGCGACAGCGA
hsa-mir-204,GGCUACAGUCUUUCUUCAUGUGACUCGUGGACUUCCCUUUGUCAUCCUAUGCCUGAGAAUAUAUGAAGGAGGCUGGGAAGGCAAAGGGACGUUCAAUUGUCAUCACUGGC
hsa-mir-205,AAAGAUCCUCAGACAAUCCAUGUGCUUCUCUUGUCCUUCAUUCCACCGGAGUCUGUCUCAUACCCAACCAGAUUUCAGUGGAGUGAAGUUCAGGAGGCAUGGAGCUGACA
hsa-mir-210,ACCCGGCAGUGCCUCCAGGCGCAGGGCAGCCCCUGCCCACCGCACACUGCGCUGCCCCAGACCCACUGUGCGUGUGACAGCGGCUGAUCUGUGCCUGGGCAGCGCGACCC
hsa-mir-211,UCACCUGGCCAUGUGACUUGUGGGCUUCCCUUUGUCAUCCUUCGCCUAGGGCUCUGAGCAGGGCAGGGACAGCAAAGGGGUGCUCAGUUGUCACUUCCCACAGCACGGAG
hsa-mir-212,CGGGGCACCCCGCCCGGACAGCGCGCCGGCACCUUGGCUCUAGACUGCUUACUGCCCGGGCCGCCCUCAGUAACAGUCUCCAGUCACGGCCACCGACGCCUGGCCCCGCC
hsa-mir-214,GGCCUGGCUGGACAGAGUUGUCAUGUGUCUGCCUGUCUACACUUGCUGUGCAGAACAUCCGCUCACCUGUACAGCAGGCACAGACAGGCAGUCACAUGACAACCCAGCCU
hsa-mir-215,AUCAUUCAGAAAUGGUAUACAGGAAAAUGACCUAUGAAUUGACAGACAAUAUAGCUGAGUUUGUCUGUCAUUUCUUUAGGCCAAUAUUCUGUAUGACUGUGCUACUUCAA
hsa-mir-216a,GAUGGCUGUGAGUUGGCUUAAUCUCAGCUGGCAACUGUGAGAUGUUCAUACAAUCCCUCACAGUGGUCUCUGGGAUUAUGCUAAACAGAGCAAUUUCCUAGCCCUCACGA
hsa-mir-218-1,GUGAUAAUGUAGCGAGAUUUUCUGUUGUGCUUGAUCUAACCAUGUGGUUGCGAGGUAUGAGUAAAACAUGGUUCCGUCAAGCACCAUGGAACGUCACGCAGCUUUCUACA
hsa-mir-218-2,GACCAGUCGCUGCGGGGCUUUCCUUUGUGCUUGAUCUAACCAUGUGGUGGAACGAUGGAAACGGAACAUGGUUCUGUCAAGCACCGCGGAAAGCACCGUGCUCUCCUGCA
hsa-mir-221,UGAACAUCCAGGUCUGGGGCAUGAACCUGGCAUACAAUGUAGAUUUCUGUGUUCGUUAGGCAACAGCUACAUUGUCUGCUGGGUUUCAGGCUACCUGGAAACAUGUUCUC
hsa-mir-222,GCUGCUGGAAGGUGUAGGUACCCUCAAUGGCUCAGUAGCCAGUGUAGAUCCUGUCUUUCGUAAUCAGCAGCUACAUCUGGCUACUGGGUCUCUGAUGGCAUCUUCUAGCU
hsa-mir-223,CCUGGCCUCCUGCAGUGCCACGCUCCGUGUAUUUGACAAGCUGAGUUGGACACUCCAUGUGGUAGAGUGUCAGUUUGUCAAAUACCCCAAGUGCGGCACAUGCUUACCAG
hsa-mir-224,GGGCUUUCAAGUCACUAGUGGUUCCGUUUAGUAGAUGAUUGUGCAUUGUUUCAAAAUGGUGCCCUAGUGACUACAAAGCCC
hsa-mir-200b,CCAGCUCGGGCAGCCGUGGCCAUCUUACUGGGCAGCAUUGGAUGGAGUCAGGUCUCUAAUACUGCCUGGUAAUGAUGACGGCGGAGCCCUGCACG
hsa-let-7g,AGGCUGAGGUAGUAGUUUGUACAGUUUGAGGGUCUAUGAUACCACCCGGUACAGGAGAUAACUGUACAGGCCACUGCCUUGCCA
hsa-let-7i,CUGGCUGAGGUAGUAGUUUGUGCUGUUGGUCGGGUUGUGACAUUGCCCGCUGUGGAGAUAACUGCGCAAGCUACUGCCUUGCUA
hsa-mir-1-2,ACCUACUCAGAGUACAUACUUCUUUAUGUACCCAUAUGAACAUACAAUGCUAUGGAAUGUAAAGAAGUAUGUAUUUUUGGUAGGC
hsa-mir-1-1,UGGGAAACAUACUUCUUUAUAUGCCCAUAUGGACCUGCUAAGCUAUGGAAUGUAAAGAAGUAUGUAUCUCA
hsa-mir-15b,UUGAGGCCUUAAAGUACUGUAGCAGCACAUCAUGGUUUACAUGCUACAGUCAAGAUGCGAAUCAUUAUUUGCUGCUCUAGAAAUUUAAGGAAAUUCAU
hsa-mir-23b,CUCAGGUGCUCUGGCUGCUUGGGUUCCUGGCAUGCUGAUUUGUGACUUAAGAUUAAAAUCACAUUGCCAGGGAUUACCACGCAACCACGACCUUGGC
hsa-mir-27b,ACCUCUCUAACAAGGUGCAGAGCUUAGCUGAUUGGUGAACAGUGAUUGGUUUCCGCUUUGUUCACAGUGGCUAAGUUCUGCACCUGAAGAGAAGGUG
hsa-mir-30b,ACCAAGUUUCAGUUCAUGUAAACAUCCUACACUCAGCUGUAAUACAUGGAUUGGCUGGGAGGUGGAUGUUUACUUCAGCUGACUUGGA
hsa-mir-122,CCUUAGCAGAGCUGUGGAGUGUGACAAUGGUGUUUGUGUCUAAACUAUCAAACGCCAUUAUCACACUAAAUAGCUACUGCUAGGC
hsa-mir-124-1,AGGCCUCUCUCUCCGUGUUCACAGCGGACCUUGAUUUAAAUGUCCAUACAAUUAAGGCACGCGGUGAAUGCCAAGAAUGGGGCUG
hsa-mir-124-2,AUCAAGAUUAGAGGCUCUGCUCUCCGUGUUCACAGCGGACCUUGAUUUAAUGUCAUACAAUUAAGGCACGCGGUGAAUGCCAAGAGCGGAGCCUACGGCUGCACUUGAA
hsa-mir-124-3,UGAGGGCCCCUCUGCGUGUUCACAGCGGACCUUGAUUUAAUGUCUAUACAAUUAAGGCACGCGGUGAAUGCCAAGAGAGGCGCCUCC
hsa-mir-125b-1,UGCGCUCCUCUCAGUCCCUGAGACCCUAACUUGUGAUGUUUACCGUUUAAAUCCACGGGUUAGGCUCUUGGGAGCUGCGAGUCGUGCU
hsa-mir-125b-2,ACCAGACUUUUCCUAGUCCCUGAGACCCUAACUUGUGAGGUAUUUUAGUAACAUCACAAGUCAGGCUCUUGGGACCUAGGCGGAGGGGA
hsa-mir-128-1,UGAGCUGUUGGAUUCGGGGCCGUAGCACUGUCUGAGAGGUUUACAUUUCUCACAGUGAACCGGUCUCUUUUUCAGCUGCUUC
hsa-mir-130a,UGCUGCUGGCCAGAGCUCUUUUCACAUUGUGCUACUGUCUGCACCUGUCACUAGCAGUGCAAUGUUAAAAGGGCAUUGGCCGUGUAGUG
hsa-mir-132,CCGCCCCCGCGUCUCCAGGGCAACCGUGGCUUUCGAUUGUUACUGUGGGAACUGGAGGUAACAGUCUACAGCCAUGGUCGCCCCGCAGCACGCCCACGCGC
hsa-mir-133a-1,ACAAUGCUUUGCUAGAGCUGGUAAAAUGGAACCAAAUCGCCUCUUCAAUGGAUUUGGUCCCCUUCAACCAGCUGUAGCUAUGCAUUGA
hsa-mir-133a-2,GGGAGCCAAAUGCUUUGCUAGAGCUGGUAAAAUGGAACCAAAUCGACUGUCCAAUGGAUUUGGUCCCCUUCAACCAGCUGUAGCUGUGCAUUGAUGGCGCCG
hsa-mir-135a-1,AGGCCUCGCUGUUCUCUAUGGCUUUUUAUUCCUAUGUGAUUCUACUGCUCACUCAUAUAGGGAUUGGAGCCGUGGCGCACGGCGGGGACA
hsa-mir-135a-2,AGAUAAAUUCACUCUAGUGCUUUAUGGCUUUUUAUUCCUAUGUGAUAGUAAUAAAGUCUCAUGUAGGGAUGGAAGCCAUGAAAUACAUUGUGAAAAAUCA
hsa-mir-138-2,CGUUGCUGCAGCUGGUGUUGUGAAUCAGGCCGACGAGCAGCGCAUCCUCUUACCCGGCUAUUUCACGACACCAGGGUUGCAUCA
hsa-mir-138-1,CCCUGGCAUGGUGUGGUGGGGCAGCUGGUGUUGUGAAUCAGGCCGUUGCCAAUCAGAGAACGGCUACUUCACAACACCAGGGCCACACCACACUACAGG
hsa-mir-140,UGUGUCUCUCUCUGUGUCCUGCCAGUGGUUUUACCCUAUGGUAGGUUACGUCAUGCUGUUCUACCACAGGGUAGAACCACGGACAGGAUACCGGGGCACC
hsa-mir-141,CGGCCGGCCCUGGGUCCAUCUUCCAGUACAGUGUUGGAUGGUCUAAUUGUGAAGCUCCUAACACUGUCUGGUAAAGAUGGCUCCCGGGUGGGUUC
hsa-mir-142,GACAGUGCAGUCACCCAUAAAGUAGAAAGCACUACUAACAGCACUGGAGGGUGUAGUGUUUCCUACUUUAUGGAUGAGUGUACUGUG
hsa-mir-143,GCGCAGCGCCCUGUCUCCCAGCCUGAGGUGCAGUGCUGCAUCUCUGGUCAGUUGGGAGUCUGAGAUGAAGCACUGUAGCUCAGGAAGAGAGAAGUUGUUCUGCAGC
hsa-mir-144,UGGGGCCCUGGCUGGGAUAUCAUCAUAUACUGUAAGUUUGCGAUGAGACACUACAGUAUAGAUGAUGUACUAGUCCGGGCACCCCC
hsa-mir-145,CACCUUGUCCUCACGGUCCAGUUUUCCCAGGAAUCCCUUAGAUGCUAAGAUGGGGAUUCCUGGAAAUACUGUUCUUGAGGUCAUGGUU
hsa-mir-152,UGUCCCCCCCGGCCCAGGUUCUGUGAUACACUCCGACUCGGGCUCUGGAGCAGUCAGUGCAUGACAGAACUUGGGCCCGGAAGGACC
hsa-mir-153-1,CUCACAGCUGCCAGUGUCAUUUUUGUGAUCUGCAGCUAGUAUUCUCACUCCAGUUGCAUAGUCACAAAAGUGAUCAUUGGCAGGUGUGGC
hsa-mir-153-2,AGCGGUGGCCAGUGUCAUUUUUGUGAUGUUGCAGCUAGUAAUAUGAGCCCAGUUGCAUAGUCACAAAAGUGAUCAUUGGAAACUGUG
hsa-mir-191,CGGCUGGACAGCGGGCAACGGAAUCCCAAAAGCAGCUGUUGUCUCCAGAGCAUUCCAGCUGCGCUUGGAUUUCGUCCCCUGCUCUCCUGCCU
hsa-mir-9-1,CGGGGUUGGUUGUUAUCUUUGGUUAUCUAGCUGUAUGAGUGGUGUGGAGUCUUCAUAAAGCUAGAUAACCGAAAGUAAAAAUAACCCCA
hsa-mir-9-2,GGAAGCGAGUUGUUAUCUUUGGUUAUCUAGCUGUAUGAGUGUAUUGGUCUUCAUAAAGCUAGAUAACCGAAAGUAAAAACUCCUUCA
hsa-mir-9-3,GGAGGCCCGUUUCUCUCUUUGGUUAUCUAGCUGUAUGAGUGCCACAGAGCCGUCAUAAAGCUAGAUAACCGAAAGUAGAAAUGAUUCUCA
hsa-mir-125a,UGCCAGUCUCUAGGUCCCUGAGACCCUUUAACCUGUGAGGACAUCCAGGGUCACAGGUGAGGUUCUUGGGAGCCUGGCGUCUGGCC
hsa-mir-126,CGCUGGCGACGGGACAUUAUUACUUUUGGUACGCGCUGUGACACUUCAAACUCGUACCGUGAGUAAUAAUGCGCCGUCCACGGCA
hsa-mir-127,UGUGAUCACUGUCUCCAGCCUGCUGAAGCUCAGAGGGCUCUGAUUCAGAAAGAUCAUCGGAUCCGUCUGAGCUUGGCUGGUCGGAAGUCUCAUCAUC
hsa-mir-134,CAGGGUGUGUGACUGGUUGACCAGAGGGGCAUGCACUGUGUUCACCCUGUGGGCCACCUAGUCACCAACCCUC
hsa-mir-136,UGAGCCCUCGGAGGACUCCAUUUGUUUUGAUGAUGGAUUCUUAUGCUCCAUCAUCGUCUCAAAUGAGUCUUCAGAGGGUUCU
hsa-mir-146a,CCGAUGUGUAUCCUCAGCUUUGAGAACUGAAUUCCAUGGGUUGUGUCAGUGUCAGACCUCUGAAAUUCAGUUCUUCAGCUGGGAUAUCUCUGUCAUCGU
hsa-mir-149,GCCGGCGCCCGAGCUCUGGCUCCGUGUCUUCACUCCCGUGCUUGUCCGAGGAGGGAGGGAGGGACGGGGGCUGUGCUGGGGCAGCUGGA
hsa-mir-150,CUCCCCAUGGCCCUGUCUCCCAACCCUUGUACCAGUGCUGGGCUCAGACCCUGGUACAGGCCUGGGGGACAGGGACCUGGGGAC
hsa-mir-154,GUGGUACUUGAAGAUAGGUUAUCCGUGUUGCCUUCGCUUUAUUUGUGACGAAUCAUACACGGUUGACCUAUUUUUCAGUACCAA
hsa-mir-184,CCAGUCACGUCCCCUUAUCACUUUUCCAGCCCAGCUUUGUGACUGUAAGUGUUGGACGGAGAACUGAUAAGGGUAGGUGAUUGA
hsa-mir-185,AGGGGGCGAGGGAUUGGAGAGAAAGGCAGUUCCUGAUGGUCCCCUCCCCAGGGGCUGGCUUUCCUCUGGUCCUUCCCUCCCA
hsa-mir-186,UGCUUGUAACUUUCCAAAGAAUUCUCCUUUUGGGCUUUCUGGUUUUAUUUUAAGCCCAAAGGUGAAUUUUUUGGGAAGUUUGAGCU
hsa-mir-188,UGCUCCCUCUCUCACAUCCCUUGCAUGGUGGAGGGUGAGCUUUCUGAAAACCCCUCCCACAUGCAGGGUUUGCAGGAUGGCGAGCC
hsa-mir-190a,UGCAGGCCUCUGUGUGAUAUGUUUGAUAUAUUAGGUUGUUAUUUAAUCCAACUAUAUAUCAAACAUAUUCCUACAGUGUCUUGCC
hsa-mir-193a,CGAGGAUGGGAGCUGAGGGCUGGGUCUUUGCGGGCGAGAUGAGGGUGUCGGAUCAACUGGCCUACAAAGUCCCAGUUCUCGGCCCCCG
hsa-mir-194-1,AUGGUGUUAUCAAGUGUAACAGCAACUCCAUGUGGACUGUGUACCAAUUUCCAGUGGAGAUGCUGUUACUUUUGAUGGUUACCAA
hsa-mir-194-2,UGGUUCCCGCCCCCUGUAACAGCAACUCCAUGUGGAAGUGCCCACUGGUUCCAGUGGGGCUGCUGUUAUCUGGGGCGAGGGCCAG
hsa-mir-195,AGCUUCCCUGGCUCUAGCAGCACAGAAAUAUUGGCACAGGGAAGCGAGUCUGCCAAUAUUGGCUGUGCUGCUCCAGGCAGGGUGGUG
hsa-mir-206,UGCUUCCCGAGGCCACAUGCUUCUUUAUAUCCCCAUAUGGAUUACUUUGCUAUGGAAUGUAAGGAAGUGUGUGGUUUCGGCAAGUG
hsa-mir-200c,CCCUCGUCUUACCCAGCAGUGUUUGGGUGCGGUUGGGAGUCUCUAAUACUGCCGGGUAAUGAUGGAGG
hsa-mir-155,CUGUUAAUGCUAAUCGUGAUAGGGGUUUUUGCCUCCAACUGACUCCUACAUAUUAGCAUUAACAG
hsa-mir-128-2,UGUGCAGUGGGAAGGGGGGCCGAUACACUGUACGAGAGUGAGUAGCAGGUCUCACAGUGAACCGGUCUCUUUCCCUACUGUGUC
hsa-mir-106b,CCUGCCGGGGCUAAAGUGCUGACAGUGCAGAUAGUGGUCCUCUCCGUGCUACCGCACUGUGGGUACUUGCUGCUCCAGCAGG
hsa-mir-29c,AUCUCUUACACAGGCUGACCGAUUUCUCCUGGUGUUCAGAGUCUGUUUUUGUCUAGCACCAUUUGAAAUCGGUUAUGAUGUAGGGGGA
hsa-mir-200a,CCGGGCCCCUGUGAGCAUCUUACCGGACAGUGCUGGAUUUCCCAGCUUGACUCUAACACUGUCUGGUAACGAUGUUCAAAGGUGACCCGC
hsa-mir-302a,CCACCACUUAAACGUGGAUGUACUUGCUUUGAAACUAAAGAAGUAAGUGCUUCCAUGUUUUGGUGAUGG
hsa-mir-34b,GUGCUCGGUUUGUAGGCAGUGUCAUUAGCUGAUUGUACUGUGGUGGUUACAAUCACUAACUCCACUGCCAUCAAAACAAGGCAC
hsa-mir-34c,AGUCUAGUUACUAGGCAGUGUAGUUAGCUGAUUGCUAAUAGUACCAAUCACUAACCACACGGCCAGGUAAAAAGAUU
hsa-mir-299,AAGAAAUGGUUUACCGUCCCACAUACAUUUUGAAUAUGUAUGUGGGAUGGUAAACCGCUUCUU
hsa-mir-301a,ACUGCUAACGAAUGCUCUGACUUUAUUGCACUACUGUACUUUACAGCUAGCAGUGCAAUAGUAUUGUCAAAGCAUCUGAAAGCAGG
hsa-mir-99b,GGCACCCACCCGUAGAACCGACCUUGCGGGGCCUUCGCCGCACACAAGCUCGUGUCUGUGGGUCCGUGUC
hsa-mir-296,AGGACCCUUCCAGAGGGCCCCCCCUCAAUCCUGUUGUGCCUAAUUCAGAGGGUUGGGUGGAGGCUCUCCUGAAGGGCUCU
hsa-mir-130b,GGCCUGCCCGACACUCUUUCCCUGUUGCACUACUAUAGGCCGCUGGGAAGCAGUGCAAUGAUGAAAGGGCAUCGGUCAGGUC
hsa-mir-30e,GGGCAGUCUUUGCUACUGUAAACAUCCUUGACUGGAAGCUGUAAGGUGUUCAGAGGAGCUUUCAGUCGGAUGUUUACAGCGGCAGGCUGCCA
hsa-mir-361,GGAGCUUAUCAGAAUCUCCAGGGGUACUUUAUAAUUUCAAAAAGUCCCCCAGGUGUGAUUCUGAUUUGCUUC
hsa-mir-362,CUUGAAUCCUUGGAACCUAGGUGUGAGUGCUAUUUCAGUGCAACACACCUAUUCAAGGAUUCAAA
hsa-mir-363,UGUUGUCGGGUGGAUCACGAUGCAAUUUUGAUGAGUAUCAUAGGAGAAAAAUUGCACGGUAUCCAUCUGUAAACC
hsa-mir-365a,ACCGCAGGGAAAAUGAGGGACUUUUGGGGGCAGAUGUGUUUCCAUUCCACUAUCAUAAUGCCCCUAAAAAUCCUUAUUGCUCUUGCA
hsa-mir-365b,AGAGUGUUCAAGGACAGCAAGAAAAAUGAGGGACUUUCAGGGGCAGCUGUGUUUUCUGACUCAGUCAUAAUGCCCCUAAAAAUCCUUAUUGUUCUUGCAGUGUGCAUCGGG
hsa-mir-302b,GCUCCCUUCAACUUUAACAUGGAAGUGCUUUCUGUGACUUUAAAAGUAAGUGCUUCCAUGUUUUAGUAGGAGU
hsa-mir-302c,CCUUUGCUUUAACAUGGGGGUACCUGCUGUGUGAAACAAAAGUAAGUGCUUCCAUGUUUCAGUGGAGG
hsa-mir-302d,CCUCUACUUUAACAUGGAGGCACUUGCUGUGACAUGACAAAAAUAAGUGCUUCCAUGUUUGAGUGUGG
hsa-mir-367,CCAUUACUGUUGCUAAUAUGCAACUCUGUUGAAUAUAAAUUGGAAUUGCACUUUAGCAAUGGUGAUGG
hsa-mir-376c,AAAAGGUGGAUAUUCCUUCUAUGUUUAUGUUAUUUAUGGUUAAACAUAGAGGAAAUUCCACGUUUU
hsa-mir-369,UUGAAGGGAGAUCGACCGUGUUAUAUUCGCUUUAUUGACUUCGAAUAAUACAUGGUUGAUCUUUUCUCAG
hsa-mir-370,AGACAGAGAAGCCAGGUCACGUCUCUGCAGUUACACAGCUCACGAGUGCCUGCUGGGGUGGAACCUGGUCUGUCU
hsa-mir-371a,GUGGCACUCAAACUGUGGGGGCACUUUCUGCUCUCUGGUGAAAGUGCCGCCAUCUUUUGAGUGUUAC
hsa-mir-372,GUGGGCCUCAAAUGUGGAGCACUAUUCUGAUGUCCAAGUGGAAAGUGCUGCGACAUUUGAGCGUCAC
hsa-mir-373,GGGAUACUCAAAAUGGGGGCGCUUUCCUUUUUGUCUGUACUGGGAAGUGCUUCGAUUUUGGGGUGUCCC
hsa-mir-374a,UACAUCGGCCAUUAUAAUACAACCUGAUAAGUGUUAUAGCACUUAUCAGAUUGUAUUGUAAUUGUCUGUGUA
hsa-mir-376a-1,UAAAAGGUAGAUUCUCCUUCUAUGAGUACAUUAUUUAUGAUUAAUCAUAGAGGAAAAUCCACGUUUUC
hsa-mir-377,UUGAGCAGAGGUUGCCCUUGGUGAAUUCGCUUUAUUUAUGUUGAAUCACACAAAGGCAACUUUUGUUUG
hsa-mir-378a,AGGGCUCCUGACUCCAGGUCCUGUGUGUUACCUAGAAAUAGCACUGGACUUGGAGUCAGAAGGCCU
hsa-mir-379,AGAGAUGGUAGACUAUGGAACGUAGGCGUUAUGAUUUCUGACCUAUGUAACAUGGUCCACUAACUCU
hsa-mir-380,AAGAUGGUUGACCAUAGAACAUGCGCUAUCUCUGUGUCGUAUGUAAUAUGGUCCACAUCUU
hsa-mir-381,UACUUAAAGCGAGGUUGCCCUUUGUAUAUUCGGUUUAUUGACAUGGAAUAUACAAGGGCAAGCUCUCUGUGAGUA
hsa-mir-382,UACUUGAAGAGAAGUUGUUCGUGGUGGAUUCGCUUUACUUAUGACGAAUCAUUCACGGACAACACUUUUUUCAGUA
hsa-mir-383,CUCCUCAGAUCAGAAGGUGAUUGUGGCUUUGGGUGGAUAUUAAUCAGCCACAGCACUGCCUGGUCAGAAAGAG
hsa-mir-340,UUGUACCUGGUGUGAUUAUAAAGCAAUGAGACUGAUUGUCAUAUGUCGUUUGUGGGAUCCGUCUCAGUUACUUUAUAGCCAUACCUGGUAUCUUA
hsa-mir-330,CUUUGGCGAUCACUGCCUCUCUGGGCCUGUGUCUUAGGCUCUGCAAGAUCAACCGAGCAAAGCACACGGCCUGCAGAGAGGCAGCGCUCUGCCC
hsa-mir-328,UGGAGUGGGGGGGCAGGAGGGGCUCAGGGAGAAAGUGCAUACAGCCCCUGGCCCUCUCUGCCCUUCCGUCCCCUG
hsa-mir-342,GAAACUGGGCUCAAGGUGAGGGGUGCUAUCUGUGAUUGAGGGACAUGGUUAAUGGAAUUGUCUCACACAGAAAUCGCACCCGUCACCUUGGCCUACUUA
hsa-mir-337,GUAGUCAGUAGUUGGGGGGUGGGAACGGCUUCAUACAGGAGUUGAUGCACAGUUAUCCAGCUCCUAUAUGAUGCCUUUCUUCAUCCCCUUCAA
hsa-mir-323a,UUGGUACUUGGAGAGAGGUGGUCCGUGGCGCGUUCGCUUUAUUUAUGGCGCACAUUACACGGUCGACCUCUUUGCAGUAUCUAAUC
hsa-mir-326,CUCAUCUGUCUGUUGGGCUGGAGGCAGGGCCUUUGUGAAGGCGGGUGGUGCUCAGAUCGCCUCUGGGCCCUUCCUCCAGCCCCGAGGCGGAUUCA
hsa-mir-151a,UUUCCUGCCCUCGAGGAGCUCACAGUCUAGUAUGUCUCAUCCCCUACUAGACUGAAGCUCCUUGAGGACAGGGAUGGUCAUACUCACCUC
hsa-mir-135b,CACUCUGCUGUGGCCUAUGGCUUUUCAUUCCUAUGUGAUUGCUGUCCCAAACUCAUGUAGGGCUAAAAGCCAUGGGCUACAGUGAGGGGCGAGCUCC
hsa-mir-148b,CAAGCACGAUUAGCAUUUGAGGUGAAGUUCUGUUAUACACUCAGGCUGUGGCUCUCUGAAAGUCAGUGCAUCACAGAACUUUGUCUCGAAAGCUUUCUA
hsa-mir-331,GAGUUUGGUUUUGUUUGGGUUUGUUCUAGGUAUGGUCCCAGGGAUCCCAGAUCAAACCAGGCCCCUGGGCCUAUCCUAGAACCAACCUAAGCUC
hsa-mir-324,CUGACUAUGCCUCCCCGCAUCCCCUAGGGCAUUGGUGUAAAGCUGGAGACCCACUGCCCCAGGUGCUGCUGGGGGUUGUAGUC
hsa-mir-338,UCUCCAACAAUAUCCUGGUGCUGAGUGAUGACUCAGGCGACUCCAGCAUCAGUGAUUUUGUUGAAGA
hsa-mir-339,CGGGGCGGCCGCUCUCCCUGUCCUCCAGGAGCUCACGUGUGCCUGCCUGUGAGCGCCUCGACGACAGAGCCGGCGCCUGCCCCAGUGUCUGCGC
hsa-mir-335,UGUUUUGAGCGGGGGUCAAGAGCAAUAACGAAAAAUGUUUGUCAUAAACCGUUUUUCAUUAUUGCUCCUGACCUCCUCUCAUUUGCUAUAUUCA
hsa-mir-133b,CCUCAGAAGAAAGAUGCCCCCUGCUCUGGCUGGUCAAACGGAACCAAGUCCGUCUUCCUGAGAGGUUUGGUCCCCUUCAACCAGCUACAGCAGGGCUGGCAAUGCCCAGUCCUUGGAGA
hsa-mir-325,AUACAGUGCUUGGUUCCUAGUAGGUGUCCAGUAAGUGUUUGUGACAUAAUUUGUUUAUUGAGGACCUCCUAUCAAUCAAGCACUGUGCUAGGCUCUGG
hsa-mir-345,ACCCAAACCCUAGGUCUGCUGACUCCUAGUCCAGGGCUCGUGAUGGCUGGUGGGCCCUGAACGAGGGGUCUGGAGGCCUGGGUUUGAAUAUCGACAGC
hsa-mir-346,GGUCUCUGUGUUGGGCGUCUGUCUGCCCGCAUGCCUGCCUCUCUGUUGCUCUGAAGGAGGCAGGGGCUGGGCCUGCAGCUGCCUGGGCAGAGCGG
hsa-mir-384,UGUUAAAUCAGGAAUUUUAAACAAUUCCUAGACAAUAUGUAUAAUGUUCAUAAGUCAUUCCUAGAAAUUGUUCAUAAUGCCUGUAACA
hsa-mir-196b,ACUGGUCGGUGAUUUAGGUAGUUUCCUGUUGUUGGGAUCCACCUUUCUCUCGACAGCACGACACUGCCUUCAUUACUUCAGUUG
hsa-mir-422a,GAGAGAAGCACUGGACUUAGGGUCAGAAGGCCUGAGUCUCUCUGCUGCAGAUGGGCUCUCUGUCCCUGAGCCAAGCUUUGUCCUCCCUGG
hsa-mir-423,AUAAAGGAAGUUAGGCUGAGGGGCAGAGAGCGAGACUUUUCUAUUUUCCAAAAGCUCGGUCUGAGGCCCCUCAGUCUUGCUUCCUAACCCGCGC
hsa-mir-424,CGAGGGGAUACAGCAGCAAUUCAUGUUUUGAAGUGUUCUAAAUGGUUCAAAACGUGAGGCGCUGCUAUACCCCCUCGUGGGGAAGGUAGAAGGUGGGG
hsa-mir-425,GAAAGCGCUUUGGAAUGACACGAUCACUCCCGUUGAGUGGGCACCCGAGAAGCCAUCGGGAAUGUCGUGUCCGCCCAGUGCUCUUUC
hsa-mir-18b,UGUGUUAAGGUGCAUCUAGUGCAGUUAGUGAAGCAGCUUAGAAUCUACUGCCCUAAAUGCCCCUUCUGGCA
hsa-mir-20b,AGUACCAAAGUGCUCAUAGUGCAGGUAGUUUUGGCAUGACUCUACUGUAGUAUGGGCACUUCCAGUACU
hsa-mir-448,GCCGGGAGGUUGAACAUCCUGCAUAGUGCUGCCAGGAAAUCCCUAUUUCAUAUAAGAGGGGGCUGGCUGGUUGCAUAUGUAGGAUGUCCCAUCUCCCAGCCCACUUCGUCA
hsa-mir-429,CGCCGGCCGAUGGGCGUCUUACCAGACAUGGUUAGACCUGGCCCUCUGUCUAAUACUGUCUGGUAAAACCGUCCAUCCGCUGC
hsa-mir-449a,CUGUGUGUGAUGAGCUGGCAGUGUAUUGUUAGCUGGUUGAAUAUGUGAAUGGCAUCGGCUAACAUGCAACUGCUGUCUUAUUGCAUAUACA
hsa-mir-450a-1,AAACGAUACUAAACUGUUUUUGCGAUGUGUUCCUAAUAUGCACUAUAAAUAUAUUGGGAACAUUUUGCAUGUAUAGUUUUGUAUCAAUAUA
hsa-mir-450a-2,CCAAAGAAAGAUGCUAAACUAUUUUUGCGAUGUGUUCCUAAUAUGUAAUAUAAAUGUAUUGGGGACAUUUUGCAUUCAUAGUUUUGUAUCAAUAAUAUGG
hsa-mir-431,UCCUGCUUGUCCUGCGAGGUGUCUUGCAGGCCGUCAUGCAGGCCACACUGACGGUAACGUUGCAGGUCGUCUUGCAGGGCUUCUCGCAAGACGACAUCCUCAUCACCAACGACG
hsa-mir-433,CCGGGGAGAAGUACGGUGAGCCUGUCAUUAUUCAGAGAGGCUAGAUCCUCUGUGUUGAGAAGGAUCAUGAUGGGCUCCUCGGUGUUCUCCAGG
hsa-mir-329-1,GGUACCUGAAGAGAGGUUUUCUGGGUUUCUGUUUCUUUAAUGAGGACGAAACACACCUGGUUAACCUCUUUUCCAGUAUC
hsa-mir-329-2,GUGGUACCUGAAGAGAGGUUUUCUGGGUUUCUGUUUCUUUAUUGAGGACGAAACACACCUGGUUAACCUCUUUUCCAGUAUCAA
hsa-mir-451a,CUUGGGAAUGGCAAGGAAACCGUUACCAUUACUGAGUUUAGUAAUGGUAAUGGUUCUCUUGCUAUACCCAGA
hsa-mir-452,GCUAAGCACUUACAACUGUUUGCAGAGGAAACUGAGACUUUGUAACUAUGUCUCAGUCUCAUCUGCAAAGAAGUAAGUGCUUUGC
hsa-mir-409,UGGUACUCGGGGAGAGGUUACCCGAGCAACUUUGCAUCUGGACGACGAAUGUUGCUCGGUGAACCCCUUUUCGGUAUCA
hsa-mir-412,CUGGGGUACGGGGAUGGAUGGUCGACCAGUUGGAAAGUAAUUGUUUCUAAUGUACUUCACCUGGUCCACUAGCCGUCCGUAUCCGCUGCAG
hsa-mir-410,GGUACCUGAGAAGAGGUUGUCUGUGAUGAGUUCGCUUUUAUUAAUGACGAAUAUAACACAGAUGGCCUGUUUUCAGUACC
hsa-mir-376b,CAGUCCUUCUUUGGUAUUUAAAACGUGGAUAUUCCUUCUAUGUUUACGUGAUUCCUGGUUAAUCAUAGAGGAAAAUCCAUGUUUUCAGUAUCAAAUGCUG
hsa-mir-483,GAGGGGGAAGACGGGAGGAAAGAAGGGAGUGGUUCCAUCACGCCUCCUCACUCCUCUCCUCCCGUCUUCUCCUCUC
hsa-mir-484,AGCCUCGUCAGGCUCAGUCCCCUCCCGAUAAACCCCUAAAUAGGGACUUUCCCGGGGGGUGACCCUGGCUUUUUUGGCG
hsa-mir-485,ACUUGGAGAGAGGCUGGCCGUGAUGAAUUCGAUUCAUCAAAGCGAGUCAUACACGGCUCUCCUCUCUUUUAGU
hsa-mir-487a,GGUACUUGAAGAGUGGUUAUCCCUGCUGUGUUCGCUUAAUUUAUGACGAAUCAUACAGGGACAUCCAGUUUUUCAGUAUC
hsa-mir-488,GAGAAUCAUCUCUCCCAGAUAAUGGCACUCUCAAACAAGUUUCCAAAUUGUUUGAAAGGCUAUUUCUUGGUCAGAUGACUCUC
hsa-mir-489,GUGGCAGCUUGGUGGUCGUAUGUGUGACGCCAUUUACUUGAACCUUUAGGAGUGACAUCACAUAUACGGCAGCUAAACUGCUAC
hsa-mir-490,UGGAGGCCUUGCUGGUUUGGAAAGUUCAUUGUUCGACACCAUGGAUCUCCAGGUGGGUCAAGUUUAGAGAUGCACCAACCUGGAGGACUCCAUGCUGUUGAGCUGUUCACAAGCAGCGGACACUUCCA
hsa-mir-491,UUGACUUAGCUGGGUAGUGGGGAACCCUUCCAUGAGGAGUAGAACACUCCUUAUGCAAGAUUCCCUUCUACCUGGCUGGGUUGG
hsa-mir-511,CAAUAGACACCCAUCGUGUCUUUUGCUCUGCAGUCAGUAAAUAUUUUUUUGUGAAUGUGUAGCAAAAGACAGAAUGGUGGUCCAUUG
hsa-mir-146b,CCUGGCACUGAGAACUGAAUUCCAUAGGCUGUGAGCUCUAGCAAUGCCCUGUGGACUCAGUUCUGGUGCCCGG
hsa-mir-202,CGCCUCAGAGCCGCCCGCCGUUCCUUUUUCCUAUGCAUAUACUUCUUUGAGGAUCUGGCCUAAAGAGGUAUAGGGCAUGGGAAAACGGGGCGGUCGGGUCCUCCCCAGCG
hsa-mir-492,CAACUACAGCCACUACUACAGGACCAUCGAGGACCUGCGGGACAAGAUUCUUGGUGCCACCAUUGAGAACGCCAGGAUUGUCCUGCAGAUCAACAAUGCUCAACUGGCUGCAGAUG
hsa-mir-493,CUGGCCUCCAGGGCUUUGUACAUGGUAGGCUUUCAUUCAUUCGUUUGCACAUUCGGUGAAGGUCUACUGUGUGCCAGGCCCUGUGCCAG
hsa-mir-432,UGACUCCUCCAGGUCUUGGAGUAGGUCAUUGGGUGGAUCCUCUAUUUCCUUACGUGGGCCACUGGAUGGCUCCUCCAUGUCUUGGAGUAGAUCA
hsa-mir-494,GAUACUCGAAGGAGAGGUUGUCCGUGUUGUCUUCUCUUUAUUUAUGAUGAAACAUACACGGGAAACCUCUUUUUUAGUAUC
hsa-mir-495,UGGUACCUGAAAAGAAGUUGCCCAUGUUAUUUUCGCUUUAUAUGUGACGAAACAAACAUGGUGCACUUCUUUUUCGGUAUCA
hsa-mir-496,CCCAAGUCAGGUACUCGAAUGGAGGUUGUCCAUGGUGUGUUCAUUUUAUUUAUGAUGAGUAUUACAUGGCCAAUCUCCUUUCGGUACUCAAUUCUUCUUGGG
hsa-mir-193b,GUGGUCUCAGAAUCGGGGUUUUGAGGGCGAGAUGAGUUUAUGUUUUAUCCAACUGGCCCUCAAAGUCCCGCUUUUGGGGUCAU
hsa-mir-497,CCACCCCGGUCCUGCUCCCGCCCCAGCAGCACACUGUGGUUUGUACGGCACUGUGGCCACGUCCAAACCACACUGUGGUGUUAGAGCGAGGGUGGGGGAGGCACCGCCGAGG
hsa-mir-181d,GUCCCCUCCCCUAGGCCACAGCCGAGGUCACAAUCAACAUUCAUUGUUGUCGGUGGGUUGUGAGGACUGAGGCCAGACCCACCGGGGGAUGAAUGUCACUGUGGCUGGGCCAGACACGGCUUAAGGGGAAUGGGGAC
hsa-mir-512-1,UCUCAGUCUGUGGCACUCAGCCUUGAGGGCACUUUCUGGUGCCAGAAUGAAAGUGCUGUCAUAGCUGAGGUCCAAUGACUGAGG
hsa-mir-512-2,GGUACUUCUCAGUCUGUGGCACUCAGCCUUGAGGGCACUUUCUGGUGCCAGAAUGAAAGUGCUGUCAUAGCUGAGGUCCAAUGACUGAGGCGAGCACC
hsa-mir-515-1,UCUCAUGCAGUCAUUCUCCAAAAGAAAGCACUUUCUGUUGUCUGAAAGCAGAGUGCCUUCUUUUGGAGCGUUACUGUUUGAGA
hsa-mir-515-2,UCUCAUGCAGUCAUUCUCCAAAAGAAAGCACUUUCUGUUGUCUGAAAGCAGAGUGCCUUCUUUUGGAGCGUUACUGUUUGAGA
hsa-mir-519e,UCUCAUGCAGUCAUUCUCCAAAAGGGAGCACUUUCUGUUUGAAAGAAAACAAAGUGCCUCCUUUUAGAGUGUUACUGUUUGAGA
hsa-mir-520f,UCUCAGGCUGUGACCCUCUAAAGGGAAGCGCUUUCUGUGGUCAGAAAGAAAAGCAAGUGCUUCCUUUUAGAGGGUUACCGUUUGGGA
hsa-mir-519c,UCUCAGCCUGUGACCCUCUAGAGGGAAGCGCUUUCUGUUGUCUGAAAGAAAAGAAAGUGCAUCUUUUUAGAGGAUUACAGUUUGAGA
hsa-mir-520a,CUCAGGCUGUGACCCUCCAGAGGGAAGUACUUUCUGUUGUCUGAGAGAAAAGAAAGUGCUUCCCUUUGGACUGUUUCGGUUUGAG
hsa-mir-526b,UCAGGCUGUGACCCUCUUGAGGGAAGCACUUUCUGUUGUCUGAAAGAAGAGAAAGUGCUUCCUUUUAGAGGCUUACUGUCUGA
hsa-mir-519b,CAUGCUGUGACCCUCUAGAGGGAAGCGCUUUCUGUUGUCUGAAAGAAAAGAAAGUGCAUCCUUUUAGAGGUUUACUGUUUG
hsa-mir-525,CUCAAGCUGUGACUCUCCAGAGGGAUGCACUUUCUCUUAUGUGAAAAAAAAGAAGGCGCUUCCCUUUAGAGCGUUACGGUUUGGG
hsa-mir-523,UCUCAUGCUGUGACCCUCUAGAGGGAAGCGCUUUCUGUUGUCUGAAAGAAAAGAACGCGCUUCCCUAUAGAGGGUUACCCUUUGAGA
hsa-mir-518f,UCUCAUGCUGUGACCCUCUAGAGGGAAGCACUUUCUCUUGUCUAAAAGAAAAGAAAGCGCUUCUCUUUAGAGGAUUACUCUUUGAGA
hsa-mir-518b,UCAUGCUGUGGCCCUCCAGAGGGAAGCGCUUUCUGUUGUCUGAAAGAAAACAAAGCGCUCCCCUUUAGAGGUUUACGGUUUGA
hsa-mir-520c,UCUCAGGCUGUCGUCCUCUAGAGGGAAGCACUUUCUGUUGUCUGAAAGAAAAGAAAGUGCUUCCUUUUAGAGGGUUACCGUUUGAGA
hsa-mir-518c,GCGAGAAGAUCUCAUGCUGUGACUCUCUGGAGGGAAGCACUUUCUGUUGUCUGAAAGAAAACAAAGCGCUUCUCUUUAGAGUGUUACGGUUUGAGAAAAGC
hsa-mir-524,UCUCAUGCUGUGACCCUACAAAGGGAAGCACUUUCUCUUGUCCAAAGGAAAAGAAGGCGCUUCCCUUUGGAGUGUUACGGUUUGAGA
hsa-mir-517a,UCUCAGGCAGUGACCCUCUAGAUGGAAGCACUGUCUGUUGUAUAAAAGAAAAGAUCGUGCAUCCCUUUAGAGUGUUACUGUUUGAGA
hsa-mir-517b,GUGACCCUCUAGAUGGAAGCACUGUCUGUUGUCUAAGAAAAGAUCGUGCAUCCCUUUAGAGUGUUAC
hsa-mir-517c,GAAGAUCUCAGGCAGUGACCCUCUAGAUGGAAGCACUGUCUGUUGUCUAAGAAAAGAUCGUGCAUCCUUUUAGAGUGUUACUGUUUGAGAAAAUC
hsa-mir-519d,UCCCAUGCUGUGACCCUCCAAAGGGAAGCGCUUUCUGUUUGUUUUCUCUUAAACAAAGUGCCUCCCUUUAGAGUGUUACCGUUUGGGA
hsa-mir-521-2,UCUCGGGCUGUGACUCUCCAAAGGGAAGAAUUUUCUCUUGUCUAAAAGAAAAGAACGCACUUCCCUUUAGAGUGUUACCGUGUGAGA
hsa-mir-521-1,UCUCAGGCUGUGACCCUCCAAAGGGAAGAACUUUCUGUUGUCUAAAAGAAAAGAACGCACUUCCCUUUAGAGUGUUACCGUGUGAGA
hsa-mir-520d,UCUCAAGCUGUGAGUCUACAAAGGGAAGCCCUUUCUGUUGUCUAAAAGAAAAGAAAGUGCUUCUCUUUGGUGGGUUACGGUUUGAGA
hsa-mir-520g,UCCCAUGCUGUGACCCUCUAGAGGAAGCACUUUCUGUUUGUUGUCUGAGAAAAAACAAAGUGCUUCCCUUUAGAGUGUUACCGUUUGGGA
hsa-mir-516b-2,UCUCAUGAUGUGACCAUCUGGAGGUAAGAAGCACUUUGUGUUUUGUGAAAGAAAGUGCUUCCUUUCAGAGGGUUACUCUUUGAGA
hsa-mir-516b-1,UCUCAGGCUGUGACCAUCUGGAGGUAAGAAGCACUUUCUGUUUUGUGAAAGAAAAGAAAGUGCUUCCUUUCAGAGGGUUACUCUUUGAGA
hsa-mir-518e,UCUCAGGCUGUGACCCUCUAGAGGGAAGCGCUUUCUGUUGGCUAAAAGAAAAGAAAGCGCUUCCCUUCAGAGUGUUAACGCUUUGAGA
hsa-mir-518a-1,UCUCAAGCUGUGACUGCAAAGGGAAGCCCUUUCUGUUGUCUGAAAGAAGAGAAAGCGCUUCCCUUUGCUGGAUUACGGUUUGAGA
hsa-mir-518a-2,UCUCAAGCUGUGGGUCUGCAAAGGGAAGCCCUUUCUGUUGUCUAAAAGAAGAGAAAGCGCUUCCCUUUGCUGGAUUACGGUUUGAGA
hsa-mir-518d,UCCCAUGCUGUGACCCUCUAGAGGGAAGCACUUUCUGUUGUCUGAAAGAAACCAAAGCGCUUCCCUUUGGAGCGUUACGGUUUGAGA
hsa-mir-520h,UCCCAUGCUGUGACCCUCUAGAGGAAGCACUUUCUGUUUGUUGUCUGAGAAAAAACAAAGUGCUUCCCUUUAGAGUUACUGUUUGGGA
hsa-mir-522,UCUCAGGCUGUGUCCCUCUAGAGGGAAGCGCUUUCUGUUGUCUGAAAGAAAAGAAAAUGGUUCCCUUUAGAGUGUUACGCUUUGAGA
hsa-mir-519a-1,CUCAGGCUGUGACACUCUAGAGGGAAGCGCUUUCUGUUGUCUGAAAGAAAGGAAAGUGCAUCCUUUUAGAGUGUUACUGUUUGAG
hsa-mir-527,UCUCAAGCUGUGACUGCAAAGGGAAGCCCUUUCUGUUGUCUAAAAGAAAAGAAAGUGCUUCCCUUUGGUGAAUUACGGUUUGAGA
hsa-mir-516a-1,UCUCAGGCUGUGACCUUCUCGAGGAAAGAAGCACUUUCUGUUGUCUGAAAGAAAAGAAAGUGCUUCCUUUCAGAGGGUUACGGUUUGAGA
hsa-mir-516a-2,UCUCAGGUUGUGACCUUCUCGAGGAAAGAAGCACUUUCUGUUGUCUGAAAGAAAAGAAAGUGCUUCCUUUCAGAGGGUUACGGUUUGAGA
hsa-mir-499a,GCCCUGUCCCCUGUGCCUUGGGCGGGCGGCUGUUAAGACUUGCAGUGAUGUUUAACUCCUCUCCACGUGAACAUCACAGCAAGUCUGUGCUGCUUCCCGUCCCUACGCUGCCUGGGCAGGGU
hsa-mir-500a,GCUCCCCCUCUCUAAUCCUUGCUACCUGGGUGAGAGUGCUGUCUGAAUGCAAUGCACCUGGGCAAGGAUUCUGAGAGCGAGAGC
hsa-mir-501,GCUCUUCCUCUCUAAUCCUUUGUCCCUGGGUGAGAGUGCUUUCUGAAUGCAAUGCACCCGGGCAAGGAUUCUGAGAGGGUGAGC
hsa-mir-502,UGCUCCCCCUCUCUAAUCCUUGCUAUCUGGGUGCUAGUGCUGGCUCAAUGCAAUGCACCUGGGCAAGGAUUCAGAGAGGGGGAGCU
hsa-mir-503,UGCCCUAGCAGCGGGAACAGUUCUGCAGUGAGCGAUCGGUGCUCUGGGGUAUUGUUUCCGCUGCCAGGGUA
hsa-mir-504,GCUGCUGUUGGGAGACCCUGGUCUGCACUCUAUCUGUAUUCUUACUGAAGGGAGUGCAGGGCAGGGUUUCCCAUACAGAGGGC
hsa-mir-505,GAUGCACCCAGUGGGGGAGCCAGGAAGUAUUGAUGUUUCUGCCAGUUUAGCGUCAACACUUGCUGGUUUCCUCUCUGGAGCAUC
hsa-mir-513a-1,GGGAUGCCACAUUCAGCCAUUCAGCGUACAGUGCCUUUCACAGGGAGGUGUCAUUUAUGUGAACUAAAAUAUAAAUUUCACCUUUCUGAGAAGGGUAAUGUACAGCAUGCACUGCAUAUGUGGUGUCCC
hsa-mir-513a-2,GGAUGCCACAUUCAGCCAUUCAGUGUGCAGUGCCUUUCACAGGGAGGUGUCAUUUAUGUGAACUAAAAUAUAAAUUUCACCUUUCUGAGAAGGGUAAUGUACAGCAUGCACUGCAUAUGUGGUGUCC
hsa-mir-506,GCCACCACCAUCAGCCAUACUAUGUGUAGUGCCUUAUUCAGGAAGGUGUUACUUAAUAGAUUAAUAUUUGUAAGGCACCCUUCUGAGUAGAGUAAUGUGCAACAUGGACAACAUUUGUGGUGGC
hsa-mir-507,GUGCUGUGUGUAGUGCUUCACUUCAAGAAGUGCCAUGCAUGUGUCUAGAAAUAUGUUUUGCACCUUUUGGAGUGAAAUAAUGCACAACAGAUAC
hsa-mir-508,CCACCUUCAGCUGAGUGUAGUGCCCUACUCCAGAGGGCGUCACUCAUGUAAACUAAAACAUGAUUGUAGCCUUUUGGAGUAGAGUAAUACACAUCACGUAACGCAUAUUUGGUGG
hsa-mir-509-1,CAUGCUGUGUGUGGUACCCUACUGCAGACAGUGGCAAUCAUGUAUAAUUAAAAAUGAUUGGUACGUCUGUGGGUAGAGUACUGCAUGACACAUG
hsa-mir-509-2,CAUGCUGUGUGUGGUACCCUACUGCAGACAGUGGCAAUCAUGUAUAAUUAAAAAUGAUUGGUACGUCUGUGGGUAGAGUACUGCAUGACAC
hsa-mir-510,GUGGUGUCCUACUCAGGAGAGUGGCAAUCACAUGUAAUUAGGUGUGAUUGAAACCUCUAAGAGUGGAGUAACAC
hsa-mir-514a-1,AACAUGUUGUCUGUGGUACCCUACUCUGGAGAGUGACAAUCAUGUAUAAUUAAAUUUGAUUGACACUUCUGUGAGUAGAGUAACGCAUGACACGUACG
hsa-mir-514a-2,GUUGUCUGUGGUACCCUACUCUGGAGAGUGACAAUCAUGUAUAACUAAAUUUGAUUGACACUUCUGUGAGUAGAGUAACGCAUGACAC
hsa-mir-514a-3,GUUGUCUGUGGUACCCUACUCUGGAGAGUGACAAUCAUGUAUAACUAAAUUUGAUUGACACUUCUGUGAGUAGAGUAACGCAUGACAC
hsa-mir-532,CGACUUGCUUUCUCUCCUCCAUGCCUUGAGUGUAGGACCGUUGGCAUCUUAAUUACCCUCCCACACCCAAGGCUUGCAGAAGAGCGAGCCU
hsa-mir-455,UCCCUGGCGUGAGGGUAUGUGCCUUUGGACUACAUCGUGGAAGCCAGCACCAUGCAGUCCAUGGGCAUAUACACUUGCCUCAAGGCCUAUGUCAUC
hsa-mir-539,AUACUUGAGGAGAAAUUAUCCUUGGUGUGUUCGCUUUAUUUAUGAUGAAUCAUACAAGGACAAUUUCUUUUUGAGUAU
hsa-mir-544a,AUUUUCAUCACCUAGGGAUCUUGUUAAAAAGCAGAUUCUGAUUCAGGGACCAAGAUUCUGCAUUUUUAGCAAGUUCUCAAGUGAUGCUAAU
hsa-mir-545,CCCAGCCUGGCACAUUAGUAGGCCUCAGUAAAUGUUUAUUAGAUGAAUAAAUGAAUGACUCAUCAGCAAACAUUUAUUGUGUGCCUGCUAAAGUGAGCUCCACAGG
hsa-mir-376a-2,GGUAUUUAAAAGGUAGAUUUUCCUUCUAUGGUUACGUGUUUGAUGGUUAAUCAUAGAGGAAAAUCCACGUUUUCAGUAUC
hsa-mir-487b,UUGGUACUUGGAGAGUGGUUAUCCCUGUCCUGUUCGUUUUGCUCAUGUCGAAUCGUACAGGGUCAUCCACUUUUUCAGUAUCAA
hsa-mir-551a,GGGGACUGCCGGGUGACCCUGGAAAUCCAGAGUGGGUGGGGCCAGUCUGACCGUUUCUAGGCGACCCACUCUUGGUUUCCAGGGUUGCCCUGGAAA
hsa-mir-552,AACCAUUCAAAUAUACCACAGUUUGUUUAACCUUUUGCCUGUUGGUUGAAGAUGCCUUUCAACAGGUGACUGGUUAGACAAACUGUGGUAUAUACA
hsa-mir-92b,CGGGCCCCGGGCGGGCGGGAGGGACGGGACGCGGUGCAGUGUUGUUUUUUCCCCCGCCAAUAUUGCACUCGUCCCGGCCUCCGGCCCCCCCGGCCC
hsa-mir-555,GGAGUGAACUCAGAUGUGGAGCACUACCUUUGUGAGCAGUGUGACCCAAGGCCUGUGGACAGGGUAAGCUGAACCUCUGAUAAAACUCUGAUCUAU
hsa-mir-556,GAUAGUAAUAAGAAAGAUGAGCUCAUUGUAAUAUGAGCUUCAUUUAUACAUUUCAUAUUACCAUUAGCUCAUCUUUUUUAUUACUACCUUCAACA
hsa-mir-557,AGAAUGGGCAAAUGAACAGUAAAUUUGGAGGCCUGGGGCCCUCCCUGCUGCUGGAGAAGUGUUUGCACGGGUGGGCCUUGUCUUUGAAAGGAGGUGGA
hsa-mir-558,GUGUGUGUGUGUGUGUGUGGUUAUUUUGGUAUAGUAGCUCUAGACUCUAUUAUAGUUUCCUGAGCUGCUGUACCAAAAUACCACAAACGGGCUG
hsa-mir-561,CUUCAUCCACCAGUCCUCCAGGAACAUCAAGGAUCUUAAACUUUGCCAGAGCUACAAAGGCAAAGUUUAAGAUCCUUGAAGUUCCUGGGGGAACCAU
hsa-mir-562,AGUGAAAUUGCUAGGUCAUAUGGUCAGUCUACUUUUAGAGUAAUUGUGAAACUGUUUUUCAAAGUAGCUGUACCAUUUGCACUCCCUGUGGCAAU
hsa-mir-564,CGGGCAGCGGGUGCCAGGCACGGUGUCAGCAGGCAACAUGGCCGAGAGGCCGGGGCCUCCGGGCGGCGCCGUGUCCGCGACCGCGUACCCUGAC
hsa-mir-567,GGAUUCUUAUAGGACAGUAUGUUCUUCCAGGACAGAACAUUCUUUGCUAUUUUGUACUGGAAGAACAUGCAAAACUAAAAAAAAAAAAAGUUAUUGCU
hsa-mir-568,GAUAUACACUAUAUUAUGUAUAAAUGUAUACACACUUCCUAUAUGUAUCCACAUAUAUAUAGUGUAUAUAUUAUACAUGUAUAGGUGUGUAUAUG
hsa-mir-551b,AGAUGUGCUCUCCUGGCCCAUGAAAUCAAGCGUGGGUGAGACCUGGUGCAGAACGGGAAGGCGACCCAUACUUGGUUUCAGAGGCUGUGAGAAUAA
hsa-mir-569,GGUAUUGUUAGAUUAAUUUUGUGGGACAUUAACAACAGCAUCAGAAGCAACAUCAGCUUUAGUUAAUGAAUCCUGGAAAGUUAAGUGACUUUAUUU
hsa-mir-570,CUAGAUAAGUUAUUAGGUGGGUGCAAAGGUAAUUGCAGUUUUUCCCAUUAUUUUAAUUGCGAAAACAGCAAUUACCUUUGCACCAACCUGAUGGAGU
hsa-mir-571,CCUCAGUAAGACCAAGCUCAGUGUGCCAUUUCCUUGUCUGUAGCCAUGUCUAUGGGCUCUUGAGUUGGCCAUCUGAGUGAGGGCCUGCUUAUUCUA
hsa-mir-572,GUCGAGGCCGUGGCCCGGAAGUGGUCGGGGCCGCUGCGGGCGGAAGGGCGCCUGUGCUUCGUCCGCUCGGCGGUGGCCCAGCCAGGCCCGCGGGA
hsa-mir-573,UUUAGCGGUUUCUCCCUGAAGUGAUGUGUAACUGAUCAGGAUCUACUCAUGUCGUCUUUGGUAAAGUUAUGUCGCUUGUCAGGGUGAGGAGAGUUUUUG
hsa-mir-574,GGGACCUGCGUGGGUGCGGGCGUGUGAGUGUGUGUGUGUGAGUGUGUGUCGCUCCGGGUCCACGCUCAUGCACACACCCACACGCCCACACUCAGG
hsa-mir-575,AAUUCAGCCCUGCCACUGGCUUAUGUCAUGACCUUGGGCUACUCAGGCUGUCUGCACAAUGAGCCAGUUGGACAGGAGCAGUGCCACUCAACUC
hsa-mir-576,UACAAUCCAACGAGGAUUCUAAUUUCUCCACGUCUUUGGUAAUAAGGUUUGGCAAAGAUGUGGAAAAAUUGGAAUCCUCAUUCGAUUGGUUAUAACCA
hsa-mir-577,UGGGGGAGUGAAGAGUAGAUAAAAUAUUGGUACCUGAUGAAUCUGAGGCCAGGUUUCAAUACUUUAUCUGCUCUUCAUUUCCCCAUAUCUACUUAC
hsa-mir-578,AGAUAAAUCUAUAGACAAAAUACAAUCCCGGACAACAAGAAGCUCCUAUAGCUCCUGUAGCUUCUUGUGCUCUAGGAUUGUAUUUUGUUUAUAUAU
hsa-mir-579,CAUAUUAGGUUAAUGCAAAAGUAAUCGCGGUUUGUGCCAGAUGACGAUUUGAAUUAAUAAAUUCAUUUGGUAUAAACCGCGAUUAUUUUUGCAUCAAC
hsa-mir-581,GUUAUGUGAAGGUAUUCUUGUGUUCUCUAGAUCAGUGCUUUUAGAAAAUUUGUGUGAUCUAAAGAACACAAAGAAUACCUACACAGAACCACCUGC
hsa-mir-582,AUCUGUGCUCUUUGAUUACAGUUGUUCAACCAGUUACUAAUCUAACUAAUUGUAACUGGUUGAACAACUGAACCCAAAGGGUGCAAAGUAGAAACAUU
hsa-mir-583,AACUCACACAUUAACCAAAGAGGAAGGUCCCAUUACUGCAGGGAUCUUAGCAGUACUGGGACCUACCUCUUUGGU
hsa-mir-584,UAGGGUGACCAGCCAUUAUGGUUUGCCUGGGACUGAGGAAUUUGCUGGGAUAUGUCAGUUCCAGGCCAACCAGGCUGGUUGGUCUCCCUGAAGCAAC
hsa-mir-585,UGGGGUGUCUGUGCUAUGGCAGCCCUAGCACACAGAUACGCCCAGAGAAAGCCUGAACGUUGGGCGUAUCUGUAUGCUAGGGCUGCUGUAACAA
hsa-mir-548a-1,UGCAGGGAGGUAUUAAGUUGGUGCAAAAGUAAUUGUGAUUUUUGCCAUUAAAAGUAACGACAAAACUGGCAAUUACUUUUGCACCAAACCUGGUAUU
hsa-mir-548a-2,UGUGAUGUGUAUUAGGUUUGUGCAAAAGUAAUUGGGGUUUUUUGCCGUUAAAAGUAAUGGCAAAACUGGCAAUUACUUUUGCACCAAACUAAUAUAA
hsa-mir-548a-3,CCUAGAAUGUUAUUAGGUCGGUGCAAAAGUAAUUGCGAGUUUUACCAUUACUUUCAAUGGCAAAACUGGCAAUUACUUUUGCACCAACGUAAUACUU
hsa-mir-586,AUGGGGUAAAACCAUUAUGCAUUGUAUUUUUAGGUCCCAAUACAUGUGGGCCCUAAAAAUACAAUGCAUAAUGGUUUUUCACUCUUUAUCUUCUUAU
hsa-mir-587,CUCCUAUGCACCCUCUUUCCAUAGGUGAUGAGUCACAGGGCUCAGGGAAUGUGUCUGCACCUGUGACUCAUCACCAGUGGAAAGCCCAUCCCAUAU
hsa-mir-548b,CAGACUAUAUAUUUAGGUUGGCGCAAAAGUAAUUGUGGUUUUGGCCUUUAUUUUCAAUGGCAAGAACCUCAGUUGCUUUUGUGCCAACCUAAUACUU
hsa-mir-589,UCCAGCCUGUGCCCAGCAGCCCCUGAGAACCACGUCUGCUCUGAGCUGGGUACUGCCUGUUCAGAACAAAUGCCGGUUCCCAGACGCUGCCAGCUGGCC
hsa-mir-550a-1,UGAUGCUUUGCUGGCUGGUGCAGUGCCUGAGGGAGUAAGAGCCCUGUUGUUGUAAGAUAGUGUCUUACUCCCUCAGGCACAUCUCCAACAAGUCUCU
hsa-mir-550a-2,UGAUGCUUUGCUGGCUGGUGCAGUGCCUGAGGGAGUAAGAGCCCUGUUGUUGUCAGAUAGUGUCUUACUCCCUCAGGCACAUCUCCAGCGAGUCUCU
hsa-mir-590,UAGCCAGUCAGAAAUGAGCUUAUUCAUAAAAGUGCAGUAUGGUGAAGUCAAUCUGUAAUUUUAUGUAUAAGCUAGUCUCUGAUUGAAACAUGCAGCA
hsa-mir-591,UCUUAUCAAUGAGGUAGACCAUGGGUUCUCAUUGUAAUAGUGUAGAAUGUUGGUUAACUGUGGACUCCCUGGCUCUGUCUCAAAUCUACUGAUUC
hsa-mir-592,UAUUAUGCCAUGACAUUGUGUCAAUAUGCGAUGAUGUGUUGUGAUGGCACAGCGUCAUCACGUGGUGACGCAACAUCAUGACGUAAGACGUCACAAC
hsa-mir-593,CCCCCAGAAUCUGUCAGGCACCAGCCAGGCAUUGCUCAGCCCGUUUCCCUCUGGGGGAGCAAGGAGUGGUGCUGGGUUUGUCUCUGCUGGGGUUUCUCCU
hsa-mir-595,ACGGAAGCCUGCACGCAUUUAACACCAGCACGCUCAAUGUAGUCUUGUAAGGAACAGGUUGAAGUGUGCCGUGGUGUGUCUGGAGGAAGCGCCUGU
hsa-mir-596,AGCACGGCCUCUCCGAAGCCUGCCCGGCUCCUCGGGAACCUGCCUCCCGCAUGGCAGCUGCUGCCCUUCGGAGGCCG
hsa-mir-597,UACUUACUCUACGUGUGUGUCACUCGAUGACCACUGUGAAGACAGUAAAAUGUACAGUGGUUCUCUUGUGGCUCAAGCGUAAUGUAGAGUACUGGUC
hsa-mir-598,GCUUGAUGAUGCUGCUGAUGCUGGCGGUGAUCCCGAUGGUGUGAGCUGGAAAUGGGGUGCUACGUCAUCGUUGUCAUCGUCAUCAUCAUCAUCCGAG
hsa-mir-599,AAAGACAUGCUGUCCACAGUGUGUUUGAUAAGCUGACAUGGGACAGGGAUUCUUUUCACUGUUGUGUCAGUUUAUCAAACCCAUACUUGGAUGAC
hsa-mir-600,AAGUCACGUGCUGUGGCUCCAGCUUCAUAGGAAGGCUCUUGUCUGUCAGGCAGUGGAGUUACUUACAGACAAGAGCCUUGCUCAGGCCAGCCCUGCCC
hsa-mir-601,UGCAUGAGUUCGUCUUGGUCUAGGAUUGUUGGAGGAGUCAGAAAAACUACCCCAGGGAUCCUGAAGUCCUUUGGGUGGA
hsa-mir-602,UUCUCACCCCCGCCUGACACGGGCGACAGCUGCGGCCCGCUGUGUUCACUCGGGCCGAGUGCGUCUCCUGUCAGGCAAGGGAGAGCAGAGCCCCCCUG
hsa-mir-603,GAUUGAUGCUGUUGGUUUGGUGCAAAAGUAAUUGCAGUGCUUCCCAUUUAAAAGUAAUGGCACACACUGCAAUUACUUUUGCUCCAACUUAAUACUU
hsa-mir-604,AGAGCAUCGUGCUUGACCUUCCACGCUCUCGUGUCCACUAGCAGGCAGGUUUUCUGACACAGGCUGCGGAAUUCAGGACAGUGCAUCAUGGAGA
hsa-mir-605,GCCCUAGCUUGGUUCUAAAUCCCAUGGUGCCUUCUCCUUGGGAAAAACAGAGAAGGCACUAUGAGAUUUAGAAUCAAGUUAGG
hsa-mir-606,UGUAUCCUUGGUUUUUAGUAGUUUUACUAUGAUGAGGUGUGCCAUCCACCCCAUCAUAGUAAACUACUGAAAAUCAAAGAUACAAGUGCCUGACCA
hsa-mir-608,GGGCCAAGGUGGGCCAGGGGUGGUGUUGGGACAGCUCCGUUUAAAAAGGCAUCUCCAAGAGCUUCCAUCAAAGGCUGCCUCUUGGUGCAGCACAGGUAGA
hsa-mir-610,UCUAUUUGUCUUAGGUGAGCUAAAUGUGUGCUGGGACACAUUUGAGCCAAAUGUCCCAGCACACAUUUAGCUCACAUAAGAAAAAUGGACUCUAGU
hsa-mir-611,AAAAUGGUGAGAGCGUUGAGGGGAGUUCCAGACGGAGAUGCGAGGACCCCUCGGGGUCUGACCCACA
hsa-mir-612,UCCCAUCUGGACCCUGCUGGGCAGGGCUUCUGAGCUCCUUAGCACUAGCAGGAGGGGCUCCAGGGGCCCUCCCUCCAUGGCAGCCAGGACAGGACUCUCA
hsa-mir-613,GGUGAGUGCGUUUCCAAGUGUGAAGGGACCCUUCCUGUAGUGUCUUAUAUACAAUACAGUAGGAAUGUUCCUUCUUUGCCACUCAUACACCUUUA
hsa-mir-614,UCUAAGAAACGCAGUGGUCUCUGAAGCCUGCAGGGGCAGGCCAGCCCUGCACUGAACGCCUGUUCUUGCCAGGUGGCAGAAGGUUGCUGC
hsa-mir-615,CUCGGGAGGGGCGGGAGGGGGGUCCCCGGUGCUCGGAUCUCGAGGGUGCUUAUUGUUCGGUCCGAGCCUGGGUCUCCCUCUUCCCCCCAACCCCCC
hsa-mir-616,UUAGGUAAUUCCUCCACUCAAAACCCUUCAGUGACUUCCAUGACAUGAAAUAGGAAGUCAUUGGAGGGUUUGAGCAGAGGAAUGACCUGUUUUAAAA
hsa-mir-548c,CAUUGGCAUCUAUUAGGUUGGUGCAAAAGUAAUUGCGGUUUUUGCCAUUACUUUCAGUAGCAAAAAUCUCAAUUACUUUUGCACCAACUUAAUACUU
hsa-mir-617,CAUCAUAAGGAGCCUAGACUUCCCAUUUGAAGGUGGCCAUUUCCUACCACCUUCAAAUGGUAAGUCCAGGCUCCUUCUGAUUCAAUAAAUGAGGAGC
hsa-mir-618,CUCUUGUUCACAGCCAAACUCUACUUGUCCUUCUGAGUGUAAUUACGUACAUGCAGUAGCUCAGGAGACAAGCAGGUUUACCCUGUGGAUGAGUCUGA
hsa-mir-619,CGCCCACCUCAGCCUCCCAAAAUGCUGGGAUUACAGGCAUGAGCCACUGCGGUCGACCAUGACCUGGACAUGUUUGUGCCCAGUACUGUCAGUUUGCAG
hsa-mir-620,AUAUAUAUCUAUAUCUAGCUCCGUAUAUAUAUAUAUAUAUAUAUAGAUAUCUCCAUAUAUAUGGAGAUAGAUAUAGAAAUAAAACAAGCAAAGAA
hsa-mir-621,UAGAUUGAGGAAGGGGCUGAGUGGUAGGCGGUGCUGCUGUGCUCUGAUGAAGACCCAUGUGGCUAGCAACAGCGCUUACCUUUUGUCUCUGGGUCC
hsa-mir-622,AGAGAAGCUGGACAAGUACUGGUCUCAGCAGAUUGAGGAGAGCACCACAGUGGUCAUCACACAGUCUGCUGAGGUUGGAGCUGCUGAGAUGACACU
hsa-mir-624,AAUGCUGUUUCAAGGUAGUACCAGUACCUUGUGUUCAGUGGAACCAAGGUAAACACAAGGUAUUGGUAUUACCUUGAGAUAGCAUUACACCUAAGUG
hsa-mir-625,AGGGUAGAGGGAUGAGGGGGAAAGUUCUAUAGUCCUGUAAUUAGAUCUCAGGACUAUAGAACUUUCCCCCUCAUCCCUCUGCCCU
hsa-mir-626,ACUGAUAUAUUUGUCUUAUUUGAGAGCUGAGGAGUAUUUUUAUGCAAUCUGAAUGAUCUCAGCUGUCUGAAAAUGUCUUCAAUUUUAAAGGCUU
hsa-mir-627,UACUUAUUACUGGUAGUGAGUCUCUAAGAAAAGAGGAGGUGGUUGUUUUCCUCCUCUUUUCUUUGAGACUCACUACCAAUAAUAAGAAAUACUACUA
hsa-mir-628,AUAGCUGUUGUGUCACUUCCUCAUGCUGACAUAUUUACUAGAGGGUAAAAUUAAUAACCUUCUAGUAAGAGUGGCAGUCGAAGGGAAGGGCUCAU
hsa-mir-629,UCCCUUUCCCAGGGGAGGGGCUGGGUUUACGUUGGGAGAACUUUUACGGUGAACCAGGAGGUUCUCCCAACGUAAGCCCAGCCCCUCCCCUCUGCCU
hsa-mir-630,AACUUAACAUCAUGCUACCUCUUUGUAUCAUAUUUUGUUAUUCUGGUCACAGAAUGACCUAGUAUUCUGUACCAGGGAAGGUAGUUCUUAACUAUAU
hsa-mir-631,GUGGGGAGCCUGGUUAGACCUGGCCCAGACCUCAGCUACACAAGCUGAUGGACUGAGUCAGGGGCCACACUCUCC
hsa-mir-33b,GCGGGCGGCCCCGCGGUGCAUUGCUGUUGCAUUGCACGUGUGUGAGGCGGGUGCAGUGCCUCGGCAGUGCAGCCCGGAGCCGGCCCCUGGCACCAC
hsa-mir-632,CGCCUCCUACCGCAGUGCUUGACGGGAGGCGGAGCGGGGAACGAGGCCGUCGGCCAUUUUGUGUCUGCUUCCUGUGGGACGUGGUGGUAGCCGU
hsa-mir-633,AACCUCUCUUAGCCUCUGUUUCUUUAUUGCGGUAGAUACUAUUAACCUAAAAUGAGAAGGCUAAUAGUAUCUACCACAAUAAAAUUGUUGUGAGGAUA
hsa-mir-634,AAACCCACACCACUGCAUUUUGGCCAUCGAGGGUUGGGGCUUGGUGUCAUGCCCCAAGAUAACCAGCACCCCAACUUUGGACAGCAUGGAUUAGUCU
hsa-mir-635,CAGAGAGGAGCUGCCACUUGGGCACUGAAACAAUGUCCAUUAGGCUUUGUUAUGGAAACUUCUCCUGAUCAUUGUUUUGUGUCCAUUGAGCUUCCAAU
hsa-mir-636,UGGCGGCCUGGGCGGGAGCGCGCGGGCGGGGCCGGCCCCGCUGCCUGGAAUUAACCCCGCUGUGCUUGCUCGUCCCGCCCGCAGCCCUAGGCGGCGUCG
hsa-mir-637,UGGCUAAGGUGUUGGCUCGGGCUCCCCACUGCAGUUACCCUCCCCUCGGCGUUACUGAGCACUGGGGGCUUUCGGGCUCUGCGUCUGCACAGAUACUUC
hsa-mir-638,GUGAGCGGGCGCGGCAGGGAUCGCGGGCGGGUGGCGGCCUAGGGCGCGGAGGGCGGACCGGGAAUGGCGCGCCGUGCGCCGCCGGCGUAACUGCGGCGCU
hsa-mir-639,UGGCCGACGGGGCGCGCGCGGCCUGGAGGGGCGGGGCGGACGCAGAGCCGCGUUUAGUCUAUCGCUGCGGUUGCGAGCGCUGUAGGGAGCCUGUGCUG
hsa-mir-640,GUGACCCUGGGCAAGUUCCUGAAGAUCAGACACAUCAGAUCCCUUAUCUGUAAAAUGGGCAUGAUCCAGGAACCUGCCUCUACGGUUGCCUUGGGG
hsa-mir-641,UGGGUGAAAGGAAGGAAAGACAUAGGAUAGAGUCACCUCUGUCCUCUGUCCUCUACCUAUAGAGGUGACUGUCCUAUGUCUUUCCUUCCUCUUACCCCU
hsa-mir-642a,AUCUGAGUUGGGAGGGUCCCUCUCCAAAUGUGUCUUGGGGUGGGGGAUCAAGACACAUUUGGAGAGGGAACCUCCCAACUCGGCCUCUGCCAUCAUU
hsa-mir-643,ACCAAGUGAUAUUCAUUGUCUACCUGAGCUAGAAUACAAGUAGUUGGCGUCUUCAGAGACACUUGUAUGCUAGCUCAGGUAGAUAUUGAAUGAAAAA
hsa-mir-644a,UUUUUUUUUAGUAUUUUUCCAUCAGUGUUCAUAAGGAAUGUUGCUCUGUAGUUUUCUUAUAGUGUGGCUUUCUUAGAGCAAAGAUGGUUCCCUA
hsa-mir-645,CAGUUCCUAACAGGCCUCAGACCAGUACCGGUCUGUGGCCUGGGGGUUGAGGACCCCUGCUCUAGGCUGGUACUGCUGAUGCUUAAAAAGAGAG
hsa-mir-646,GAUCAGGAGUCUGCCAGUGGAGUCAGCACACCUGCUUUUCACCUGUGAUCCCAGGAGAGGAAGCAGCUGCCUCUGAGGCCUCAGGCUCAGUGGC
hsa-mir-647,AGGAAGUGUUGGCCUGUGGCUGCACUCACUUCCUUCAGCCCCAGGAAGCCUUGGUCGGGGGCAGGAGGGAGGGUCAGGCAGGGCUGGGGGCCUGAC
hsa-mir-648,AUCACAGACACCUCCAAGUGUGCAGGGCACUGGUGGGGGCCGGGGCAGGCCCAGCGAAAGUGCAGGACCUGGCACUUAGUCGGAAGUGAGGGUG
hsa-mir-649,GGCCUAGCCAAAUACUGUAUUUUUGAUCGACAUUUGGUUGAAAAAUAUCUAUGUAUUAGUAAACCUGUGUUGUUCAAGAGUCCACUGUGUUUUGCUG
hsa-mir-650,CAGUGCUGGGGUCUCAGGAGGCAGCGCUCUCAGGACGUCACCACCAUGGCCUGGGCUCUGCUCCUCCUCACCCUCCUCACUCAGGGCACAGGUGAU
hsa-mir-651,AAUCUAUCACUGCUUUUUAGGAUAAGCUUGACUUUUGUUCAAAUAAAAAUGCAAAAGGAAAGUGUAUCCUAAAAGGCAAUGACAGUUUAAUGUGUUU
hsa-mir-652,ACGAAUGGCUAUGCACUGCACAACCCUAGGAGAGGGUGCCAUUCACAUAGACUAUAAUUGAAUGGCGCCACUAGGGUUGUGCAGUGCACAACCUACAC
hsa-mir-548d-1,AAACAAGUUAUAUUAGGUUGGUGCAAAAGUAAUUGUGGUUUUUGCCUGUAAAAGUAAUGGCAAAAACCACAGUUUCUUUUGCACCAGACUAAUAAAG
hsa-mir-548d-2,GAGAGGGAAGAUUUAGGUUGGUGCAAAAGUAAUUGUGGUUUUUGCCAUUGAAAGUAAUGGCAAAAACCACAGUUUCUUUUGCACCAACCUAAUAAAA
hsa-mir-661,GGAGAGGCUGUGCUGUGGGGCAGGCGCAGGCCUGAGCCCUGGUUUCGGGCUGCCUGGGUCUCUGGCCUGCGCGUGACUUUGGGGUGGCU
hsa-mir-662,GCUGUUGAGGCUGCGCAGCCAGGCCCUGACGGUGGGGUGGCUGCGGGCCUUCUGAAGGUCUCCCACGUUGUGGCCCAGCAGCGCAGUCACGUUGC
hsa-mir-663a,CCUUCCGGCGUCCCAGGCGGGGCGCCGCGGGACCGCCCUCGUGUCUGUGGCGGUGGGAUCCCGCGGCCGUGUUUUCCUGGUGGCCCGGCCAUG
hsa-mir-449b,UGACCUGAAUCAGGUAGGCAGUGUAUUGUUAGCUGGCUGCUUGGGUCAAGUCAGCAGCCACAACUACCCUGCCACUUGCUUCUGGAUAAAUUCUUCU
hsa-mir-411,UGGUACUUGGAGAGAUAGUAGACCGUAUAGCGUACGCUUUAUCUGUGACGUAUGUAACACGGUCCACUAACCCUCAGUAUCAAAUCCAUCCCCGAG
hsa-mir-654,GGGUAAGUGGAAAGAUGGUGGGCCGCAGAACAUGUGCUGAGUUCGUGCCAUAUGUCUGCUGACCAUCACCUUUAGAAGCCC
hsa-mir-655,AACUAUGCAAGGAUAUUUGAGGAGAGGUUAUCCGUGUUAUGUUCGCUUCAUUCAUCAUGAAUAAUACAUGGUUAACCUCUUUUUGAAUAUCAGACUC
hsa-mir-656,CUGAAAUAGGUUGCCUGUGAGGUGUUCACUUUCUAUAUGAUGAAUAUUAUACAGUCAACCUCUUUCCGAUAUCGAAUC
hsa-mir-657,GUGUAGUAGAGCUAGGAGGAGAGGGUCCUGGAGAAGCGUGGACCGGUCCGGGUGGGUUCCGGCAGGUUCUCACCCUCUCUAGGCCCCAUUCUCCUCUG
hsa-mir-658,GCUCGGUUGCCGUGGUUGCGGGCCCUGCCCGCCCGCCAGCUCGCUGACAGCACGACUCAGGGCGGAGGGAAGUAGGUCCGUUGGUCGGUCGGGAACGAGG
hsa-mir-659,UACCGACCCUCGAUUUGGUUCAGGACCUUCCCUGAACCAAGGAAGAGUCACAGUCUCUUCCUUGGUUCAGGGAGGGUCCCCAACAAUGUCCUCAUGG
hsa-mir-660,CUGCUCCUUCUCCCAUACCCAUUGCAUAUCGGAGUUGUGAAUUCUCAAAACACCUCCUGUGUGCAUGGAUUACAGGAGGGUGAGCCUUGUCAUCGUG
hsa-mir-421,GCACAUUGUAGGCCUCAUUAAAUGUUUGUUGAAUGAAAAAAUGAAUCAUCAACAGACAUUAAUUGGGCGCCUGCUCUGUGAUCUC
hsa-mir-542,CAGAUCUCAGACAUCUCGGGGAUCAUCAUGUCACGAGAUACCAGUGUGCACUUGUGACAGAUUGAUAACUGAAAGGUCUGGGAGCCACUCAUCUUCA
hsa-mir-758,GCCUGGAUACAUGAGAUGGUUGACCAGAGAGCACACGCUUUAUUUGUGCCGUUUGUGACCUGGUCCACUAACCCUCAGUAUCUAAUGC
hsa-mir-1264,AGGUCCUCAAUAAGUAUUUGUUGAAAGAAUAAAUAAACCAACAAGUCUUAUUUGAGCACCUGUUAUGUG
hsa-mir-671,GCAGGUGAACUGGCAGGCCAGGAAGAGGAGGAAGCCCUGGAGGGGCUGGAGGUGAUGGAUGUUUUCCUCCGGUUCUCAGGGCUCCACCUCUUUCGGGCCGUAGAGCCAGGGCUGGUGC
hsa-mir-668,GGUAAGUGCGCCUCGGGUGAGCAUGCACUUAAUGUGGGUGUAUGUCACUCGGCUCGGCCCACUACC
hsa-mir-550a-3,GAUGCUUUGCUGGCUGGUGCAGUGCCUGAGGGAGUAAGAGUCCUGUUGUUGUAAGAUAGUGUCUUACUCCCUCAGGCACAUCUCCAACAAGUCUC
hsa-mir-767,GCUUUUAUAUUGUAGGUUUUUGCUCAUGCACCAUGGUUGUCUGAGCAUGCAGCAUGCUUGUCUGCUCAUACCCCAUGGUUUCUGAGCAGGAACCUUCAUUGUCUACUGC
hsa-mir-1224,GUGAGGACUCGGGAGGUGGAGGGUGGUGCCGCCGGGGCCGGGCGCUGUUUCAGCUCGCUUCUCCCCCCACCUCCUCUCUCCUCAG
hsa-mir-151b,ACCUCUGAUGUGUCAGUCUCUCUUCAGGGCUCCCGAGACACAGAAACAGACACCUGCCCUCGAGGAGCUCACAGUCUAGACAAACAAACCCAGGGU
hsa-mir-320b-1,AUAAAUUAAUCCCUCUCUUUCUAGUUCUUCCUAGAGUGAGGAAAAGCUGGGUUGAGAGGGCAAACAAAUUAA
hsa-mir-320b-2,GUCUCUUAGGCUUUCUCUUCCCAGAUUUCCCAAAGUUGGGAAAAGCUGGGUUGAGAGGGCAAAAGGAAAAA
hsa-mir-320c-1,AAAAAUGAGGCCUUCUCUUCCCAGUUCUUCCCAGAGUCAGGAAAAGCUGGGUUGAGAGGGUAGAAAAAAAAU
hsa-mir-320c-2,GCAUGACAGGCCUUCUCUUUCCAGUUCUUCCCAGAAUUGGGAAAAGCUGGGUUGAGAGGGUAAGAAAAGAAA
hsa-mir-1296,ACCUACCUAACUGGGUUAGGGCCCUGGCUCCAUCUCCUUUAGGAAAACCUUCUGUGGGGAGUGGGGCUUCGACCCUAACCCAGGUGGGCUGU
hsa-mir-1468,GGUGGGUGGUUUCUCCGUUUGCCUGUUUCGCUGAUGUGCAUUCAACUCAUUCUCAGCAAAAUAAGCAAAUGGAAAAUUCGUCCAUC
hsa-mir-1323,ACUGAGGUCCUCAAAACUGAGGGGCAUUUUCUGUGGUUUGAAAGGAAAGUGCACCCAGUUUUGGGGAUGUCAA
hsa-mir-1271,CACCCAGAUCAGUGCUUGGCACCUAGCAAGCACUCAGUAAAUAUUUGUUGAGUGCCUGCUAUGUGCCAGGCAUUGUGCUGAGGGCU
hsa-mir-1301,GGAUUGUGGGGGGUCGCUCUAGGCACCGCAGCACUGUGCUGGGGAUGUUGCAGCUGCCUGGGAGUGACUUCACACAGUCCUC
hsa-mir-454,UCUGUUUAUCACCAGAUCCUAGAACCCUAUCAAUAUUGUCUCUGCUGUGUAAAUAGUUCUGAGUAGUGCAAUAUUGCUUAUAGGGUUUUGGUGUUUGGAAAGAACAAUGGGCAGG
hsa-mir-1185-1,UUUGGUACUUGAAGAGAGGAUACCCUUUGUAUGUUCACUUGAUUAAUGGCGAAUAUACAGGGGGAGACUCUUAUUUGCGUAUCAAA
hsa-mir-449c,GCUGGGAUGUGUCAGGUAGGCAGUGUAUUGCUAGCGGCUGUUAAUGAUUUUAACAGUUGCUAGUUGCACUCCUCUCUGUUGCAUUCAGAAGC
hsa-mir-769,GCCUUGGUGCUGAUUCCUGGGCUCUGACCUGAGACCUCUGGGUUCUGAGCUGUGAUGUUGCUCUCGAGCUGGGAUCUCCGGGGUCUUGGUUCAGGGCCGGGGCCUCUGGGUUCCAAGC
hsa-mir-766,GCAUCCUCAGGACCUGGGCUUGGGUGGUAGGAGGAAUUGGUGCUGGUCUUUCAUUUUGGAUUUGACUCCAGCCCCACAGCCUCAGCCACCCCAGCCAAUUGUCAUAGGAGC
hsa-mir-378d-2,GAAUGGUUACAAGGAGAGAACACUGGACUUGGAGUCAGAAAACUUUCAUCCAAGUCAUUCCCUGCUCUAAGUCCCAUUUCUGUUCCAUGAGAUUGUUU
hsa-mir-378d-1,ACUGUUUCUGUCCUUGUUCUUGUUGUUAUUACUGGACUUGGAGUCAGAAACAGG
hsa-mir-762,GGCCCGGCUCCGGGUCUCGGCCCGUACAGUCCGGCCGGCCAUGCUGGCGGGGCUGGGGCCGGGGCCGAGCCCGCGGCGGGGCC
hsa-mir-802,GUUCUGUUAUUUGCAGUCAGUAACAAAGAUUCAUCCUUGUGUCCAUCAUGCAACAAGGAGAAUCUUUGUCACUUAGUGUAAUUAAUAGCUGGAC
hsa-mir-670,GUUUAGGGGUGGACCUGAUGUCCCUGAGUGUAUGUGGUGAACCUGAAUUUGCCUUGGGUUUCCUCAUAUUCAUUCAGGAGUGUCAGUUGCCCCUUCAC
hsa-mir-1298,AGACGAGGAGUUAAGAGUUCAUUCGGCUGUCCAGAUGUAUCCAAGUACCCUGUGUUAUUUGGCAAUAAAUACAUCUGGGCAACUGACUGAACUUUUCACUUUUCAUGACUCA
hsa-mir-761,GGAGGAGCAGCAGGGUGAAACUGACACAGUUCUGGUGAGUUUCACUUUGCUGCUCCUCC
hsa-mir-764,AAUCUAGGAGGCAGGUGCUCACUUGUCCUCCUCCAUGCUUGGAAAAUGCAGGGAGGAGGCCAUAGUGGCAACUGUUACCAUGAUU
hsa-mir-765,UUUAGGCGCUGAUGAAAGUGGAGUUCAGUAGACAGCCCUUUUCAAGCCCUACGAGAAACUGGGGUUUCUGGAGGAGAAGGAAGGUGAUGAAGGAUCUGUUCUCGUGAGCCUGAA
hsa-mir-770,AGGAGCCACCUUCCGAGCCUCCAGUACCACGUGUCAGGGCCACAUGAGCUGGGCCUCGUGGGCCUGAUGUGGUGCUGGGGCCUCAGGGGUCUGCUCUU
hsa-mir-675,CCCAGGGUCUGGUGCGGAGAGGGCCCACAGUGGACUUGGUGACGCUGUAUGCCCUCACCGCUCAGCCCCUGGG
hsa-mir-298,UCAGGUCUUCAGCAGAAGCAGGGAGGUUCUCCCAGUGGUUUUCCUUGACUGUGAGGAACUAGCCUGCUGCUUUGCUCAGGAGUGAGCU
hsa-mir-891a,CCUUAAUCCUUGCAACGAACCUGAGCCACUGAUUCAGUAAAAUACUCAGUGGCACAUGUUUGUUGUGAGGGUCAAAAGA
hsa-mir-300,UGCUACUUGAAGAGAGGUAAUCCUUCACGCAUUUGCUUUACUUGCAAUGAUUAUACAAGGGCAGACUCUCUCUGGGGAGCAAA
hsa-mir-892a,GCAGUGCCUUACUCAGAAAGGUGCCAGUCACUUACACUACAUGUCACUGUGUCCUUUCUGCGUAGAGUAAGGCUC
hsa-mir-450b,GCAGAAUUAUUUUUGCAAUAUGUUCCUGAAUAUGUAAUAUAAGUGUAUUGGGAUCAUUUUGCAUCCAUAGUUUUGUAU
hsa-mir-874,UUAGCCCUGCGGCCCCACGCACCAGGGUAAGAGAGACUCUCGCUUCCUGCCCUGGCCCGAGGGACCGACUGGCUGGGC
hsa-mir-888,GGCAGUGCUCUACUCAAAAAGCUGUCAGUCACUUAGAUUACAUGUGACUGACACCUCUUUGGGUGAAGGAAGGCUCA
hsa-mir-892b,UGCAAUGCCCUACUCAGAAAGGUGCCAUUUAUGUAGAUUUUAUGUCACUGGCUCCUUUCUGGGUAGAGCAAGGCUCA
hsa-mir-541,ACGUCAGGGAAAGGAUUCUGCUGUCGGUCCCACUCCAAAGUUCACAGAAUGGGUGGUGGGCACAGAAUCUGGACUCUGCUUGUG
hsa-mir-889,GUGCUUAAAGAAUGGCUGUCCGUAGUAUGGUCUCUAUAUUUAUGAUGAUUAAUAUCGGACAACCAUUGUUUUAGUAUCC
hsa-mir-875,UUAGUGGUACUAUACCUCAGUUUUAUCAGGUGUUCUUAAAAUCACCUGGAAACACUGAGGUUGUGUCUCACUGAAC
hsa-mir-876,UGAAGUGCUGUGGAUUUCUUUGUGAAUCACCAUAUCUAAGCUAAUGUGGUGGUGGUUUACAAAGUAAUUCAUAGUGCUUCA
hsa-mir-708,AACUGCCCUCAAGGAGCUUACAAUCUAGCUGGGGGUAAAUGACUUGCACAUGAACACAACUAGACUGUGAGCUUCUAGAGGGCAGGGA
hsa-mir-744,UUGGGCAAGGUGCGGGGCUAGGGCUAACAGCAGUCUUACUGAAGGUUUCCUGGAAACCACGCACAUGCUGUUGCCACUAACCUCAACCUUACUCGGUC
hsa-mir-885,CCGCACUCUCUCCAUUACACUACCCUGCCUCUUCUCCAUGAGAGGCAGCGGGGUGUAGUGGAUAGAGCACGGGU
hsa-mir-877,GUAGAGGAGAUGGCGCAGGGGACACGGGCAAAGACUUGGGGGUUCCUGGGACCCUCAGACGUGUGUCCUCUUCUCCCUCCUCCCAG
hsa-mir-665,UCUCCUCGAGGGGUCUCUGCCUCUACCCAGGACUCUUUCAUGACCAGGAGGCUGAGGCCCCUCACAGGCGGC
hsa-mir-873,GUGUGCAUUUGCAGGAACUUGUGAGUCUCCUAUUGAAAAUGAACAGGAGACUGAUGAGUUCCCGGGAACACCCACAA
hsa-mir-543,UACUUAAUGAGAAGUUGCCCGUGUUUUUUUCGCUUUAUUUGUGACGAAACAUUCGCGGUGCACUUCUUUUUCAGUAUC
hsa-mir-374b,ACUCGGAUGGAUAUAAUACAACCUGCUAAGUGUCCUAGCACUUAGCAGGUUGUAUUAUCAUUGUCCGUGUCU
hsa-mir-760,GGCGCGUCGCCCCCCUCAGUCCACCAGAGCCCGGAUACCUCAGAAAUUCGGCUCUGGGUCUGUGGGGAGCGAAAUGCAAC
hsa-mir-301b,GCCGCAGGUGCUCUGACGAGGUUGCACUACUGUGCUCUGAGAAGCAGUGCAAUGAUAUUGUCAAAGCAUCUGGGACCA
hsa-mir-216b,GCAGACUGGAAAAUCUCUGCAGGCAAAUGUGAUGUCACUGAGGAAAUCACACACUUACCCGUAGAGAUUCUACAGUCUGACA
hsa-mir-208b,CCUCUCAGGGAAGCUUUUUGCUCGAAUUAUGUUUCUGAUCCGAAUAUAAGACGAACAAAAGGUUUGUCUGAGGGCAG
hsa-mir-920,GUAGUUGUUCUACAGAAGACCUGGAUGUGUAGGAGCUAAGACACACUCCAGGGGAGCUGUGGAAGCAGUAACACG
hsa-mir-921,ACUAGUGAGGGACAGAACCAGGAUUCAGACUCAGGUCCAUGGGCCUGGAUCACUGG
hsa-mir-922,AUGGCGUUUUCCCUCUCCCUGUCCUGGACUGGGGUCAGACUGUGCCCCGAGGAGAAGCAGCAGAGAAUAGGACUACGUCAU
hsa-mir-509-3,GUGGUACCCUACUGCAGACGUGGCAAUCAUGUAUAAUUAAAAAUGAUUGGUACGUCUGUGGGUAGAGUACUGCAU
hsa-mir-933,ACUUGGGUCAGUUCAGAGGUCCUCGGGGCGCGCGUCGAGUCAGCCGUGUGCGCAGGGAGACCUCUCCCACCCACAGU
hsa-mir-934,AGAAAUAAGGCUUCUGUCUACUACUGGAGACACUGGUAGUAUAAAACCCAGAGUCUCCAGUAAUGGACGGGAGCCUUAUUUCU
hsa-mir-935,GGCGGGGGCGCGGGCGGCAGUGGCGGGAGCGGCCCCUCGGCCAUCCUCCGUCUGCCCAGUUACCGCUUCCGCUACCGCCGCCGCUCCCGCU
hsa-mir-937,AGCACUGCCCCCGGUGAGUCAGGGUGGGGCUGGCCCCCUGCUUCGUGCCCAUCCGCGCUCUGACUCUCUGCCCACCUGCAGGAGCU
hsa-mir-938,GAAGGUGUACCAUGUGCCCUUAAAGGUGAACCCAGUGCACCUUCAUGAACCGUGGUACACCUUUAAGAACUUGGUAUGCCUUC
hsa-mir-939,UGUGGGCAGGGCCCUGGGGAGCUGAGGCUCUGGGGGUGGCCGGGGCUGACCCUGGGCCUCUGCUCCCCAGUGUCUGACCGCG
hsa-mir-940,GUGAGGUGUGGGCCCGGCCCCAGGAGCGGGGCCUGGGCAGCCCCGUGUGUUGAGGAAGGAAGGCAGGGCCCCCGCUCCCCGGGCCUGACCCCAC
hsa-mir-941-1,UGUGGACAUGUGCCCAGGGCCCGGGACAGCGCCACGGAAGAGGACGCACCCGGCUGUGUGCACAUGUGCCCA
hsa-mir-941-3,UGUGCACAUGUGCCCAGGGCCCGGGACAGCGCCACGGAAGAGGACGCACCCGGCUGUGUGCACAUGUGCCCA
hsa-mir-941-4,UGUGCACAUGUGCCCAGGGCCCGGGACAGCGCCACGGAAGAGGACGCACCCGGCUGUGUGCACAUGUGCCCA
hsa-mir-942,AUUAGGAGAGUAUCUUCUCUGUUUUGGCCAUGUGUGUACUCACAGCCCCUCACACAUGGCCGAAACAGAGAAGUUACUUUCCUAAU
hsa-mir-943,GGGACGUUCUGAGCUCGGGGUGGGGGACGUUUGCCGGUCACUGCUGCUGGCGCCCUGACUGUUGCCGUCCUCCAGCCCCACUCAAAGGCAUCCC
hsa-mir-944,GUUCCAGACACAUCUCAUCUGAUAUACAAUAUUUUCUUAAAUUGUAUAAAGAGAAAUUAUUGUACAUCGGAUGAGCUGUGUCUGGGAU
hsa-mir-297,UGUAUGUAUGUGUGCAUGUGCAUGUAUGUGUAUAUACAUAUAUAUGUAUUAUGUACUCAUAUAUCA
hsa-mir-1178,GCGUUGGCUGGCAGAGGAAGGGAAGGGUCCAGGGUCAGCUGAGCAUGCCCUCAGGUUGCUCACUGUUCUUCCCUAGAAUGUCAGGUGAUGU
hsa-mir-1179,GGCUGGAAAGGAAGAAGCAUUCUUUCAUUGGUUGGUGUGUAUUGCCUUGUCAACCAAUAAGAGGAUGCCAUUUAUCCUUUUCUGACUAGCU
hsa-mir-1180,GCUGCUGGACCCACCCGGCCGGGAAUAGUGCUCCUGGUUGUUUCCGGCUCGCGUGGGUGUGUCGGCGGC
hsa-mir-1181,UCCACUGCUGCCGCCGUCGCCGCCACCCGAGCCGGAGCGGGCUGGGCCGCCAAGGCAAGAUGGUGGACUACAGCGUGUGGG
hsa-mir-1182,GGGACUUGUCACUGCCUGUCUCCUCCCUCUCCAGCAGCGACUGGAUUCUGGAGUCCAUCUAGAGGGUCUUGGGAGGGAUGUGACUGUUGGGAAGCCC
hsa-mir-1183,AUUAUUCAAAUGCUCGGAGACACAGAACAUUAGAGAAGACAGGAGUUCACUGUAGGUGAUGGUGAGAGUGGGCAUGGAGCAGGAGUGCC
hsa-mir-1184-1,CUUGCAGAACGAGGUGAAGGAGGUGGUUCUGCUCAGCAGUCAACAGUGGCCACAUCUCCACCUGCAGCGACUUGAUGGCUUCCGUGUCCUUUUCGUGGG
hsa-mir-1225,GUGGGUACGGCCCAGUGGGGGGGAGAGGGACACGCCCUGGGCUCUGCCCAGGGUGCAGCCGGACUGACUGAGCCCCUGUGCCGCCCCCAG
hsa-mir-1226,GUGAGGGCAUGCAGGCCUGGAUGGGGCAGCUGGGAUGGUCCAAAAGGGUGGCCUCACCAGCCCUGUGUUCCCUAG
hsa-mir-1227,GUGGGGCCAGGCGGUGGUGGGCACUGCUGGGGUGGGCACAGCAGCCAUGCAGAGCGGGCAUUUGACCCCGUGCCACCCUUUUCCCCAG
hsa-mir-1228,GUGGGCGGGGGCAGGUGUGUGGUGGGUGGUGGCCUGCGGUGAGCAGGGCCCUCACACCUGCCUCGCCCCCCAG
hsa-mir-1229,GUGGGUAGGGUUUGGGGGAGAGCGUGGGCUGGGGUUCAGGGACACCCUCUCACCACUGCCCUCCCACAG
hsa-mir-1231,GUCAGUGUCUGGGCGGACAGCUGCAGGAAAGGGAAGACCAAGGCUUGCUGUCUGUCCAGUCUGCCACCCUACCCUGUCUGUUCUUGCCACAG
hsa-mir-1233-1,GUGAGUGGGAGGCCAGGGCACGGCAGGGGGAGCUGCAGGGCUAUGGGAGGGGCCCCAGCGUCUGAGCCCUGUCCUCCCGCAG
hsa-mir-1233-2,GUGAGUGGGAGGCCAGGGCACGGCAGGGGGAGCUGCAGGGCUAUGGGAGGGGCCCCAGCGUCUGAGCCCUGUCCUCCCGCAG
hsa-mir-1234,GUGAGUGUGGGGUGGCUGGGGCGGGGGGGGCCCGGGGACGGCUUGGGCCUGCCUAGUCGGCCUGACCACCCACCCCACAG
hsa-mir-1236,GUGAGUGACAGGGGAAAUGGGGAUGGACUGGAAGUGGGCAGCAUGGAGCUGACCUUCAUCAUGGCUUGGCCAACAUAAUGCCUCUUCCCCUUGUCUCUCCAG
hsa-mir-1237,GUGGGAGGGCCCAGGCGCGGGCAGGGGUGGGGGUGGCAGAGCGCUGUCCCGGGGGCGGGGCCGAAGCGCGGCGACCGUAACUCCUUCUGCUCCGUCCCCCAG
hsa-mir-1238,GUGAGUGGGAGCCCCAGUGUGUGGUUGGGGCCAUGGCGGGUGGGCAGCCCAGCCUCUGAGCCUUCCUCGUCUGUCUGCCCCAG
hsa-mir-1202,CCUGCUGCAGAGGUGCCAGCUGCAGUGGGGGAGGCACUGCCAGGGCUGCCCACUCUGCUUAGCCAGCAGGUGCCAAGAACAGG
hsa-mir-663b,GGUGCCGAGGGCCGUCCGGCAUCCUAGGCGGGUCGCUGCGGUACCUCCCUCCUGUCUGUGGCGGUGGGAUCCCGUGGCCGUGUUUUCCUGGUGGCCCGGCCGUGCCUGAGGUUUC
hsa-mir-1206,CAGUGUUCAUGUAGAUGUUUAAGCUCUUGCAGUAGGUUUUUGCAAGCUAGUGAACGCUG
hsa-mir-1207,GCAGGGCUGGCAGGGAGGCUGGGAGGGGCUGGCUGGGUCUGGUAGUGGGCAUCAGCUGGCCCUCAUUUCUUAAGACAGCACUUCUGU
hsa-mir-548j,GGGCAGCCAGUGAAUAGUUAGCUGGUGCAAAAGUAAUUGCGGUCUUUGGUAUUACUUUCAGUGGCAAAAACUGCAUUACUUUUGCACCAGCCUACUAGAACGCUGAGUUCAG
hsa-mir-1285-1,UGUAGAGAUAGGAUCUCACUUUGUUGCCCAGGCUGGUCUCAAACUCCUGGUCUGGGCAACAAAGUGAGACCUUAUCUCUACAAG
hsa-mir-1285-2,UUUGGGAGGCCGAGGCUGGUGCAUCACUUGAGCCCAGCAAUUUGAGACCAAUCUGGGCAACAAAGUGAGACCUCCGUCUCUACAAAGA
hsa-mir-1286,UGUCCUCUGGGGACUCAGCUUGCUCUGGCUGCUGGAUUGAAUUAGCUGCAGGACCAAGAUGAGCCCUUGGUGGAGACA
hsa-mir-1287,GUUGUGCUGUCCAGGUGCUGGAUCAGUGGUUCGAGUCUGAGCCUUUAAAAGCCACUCUAGCCACAGAUGCAGUGAUUGGAGCCAUGACAA
hsa-mir-1290,GAGCGUCACGUUGACACUCAAAAAGUUUCAGAUUUUGGAACAUUUCGGAUUUUGGAUUUUUGGAUCAGGGAUGCUCAA
hsa-mir-1291,GGUAGAAUUCCAGUGGCCCUGACUGAAGACCAGCAGUUGUACUGUGGCUGUUGGUUUCAAGCAGAGGCCUAAAGGACUGUCUUCCUG
hsa-mir-548k,CUUUUCUCAAGUAUUGCUGUUAGGUUGGUGCAAAAGUACUUGCGGAUUUUGCUUUACUUUUAAUGGCAAAAACCGCAAUUAUUUUUGCUUCAACCUAAUAUGAUGCAAAAUUGGCU
hsa-mir-1293,AGGUUGUUCUGGGUGGUCUGGAGAUUUGUGCAGCUUGUACCUGCACAAAUCUCCGGACCACUUAGUCUUUA
hsa-mir-1294,CACCUAAUGUGUGCCAAGAUCUGUUCAUUUAUGAUCUCACCGAGUCCUGUGAGGUUGGCAUUGUUGUCUGGCAUUGUCUGAUAUACAACAGUGCCAACCUCACAGGACUCAGUGAGGUGAAACUGAGGAUUAGGAAGGUGUA
hsa-mir-1295a,AGGACAUUUUGCCCAGAUCCGUGGCCUAUUCAGAAAUGUGGCCUGUGAUUAGGCCGCAGAUCUGGGUGAAAUGUCCUCC
hsa-mir-1297,UGUUUAUCUCUAGGGUUGAUCUAUUAGAAUUACUUAUCUGAGCCAAAGUAAUUCAAGUAAUUCAGGUGUAGUGAAAC
hsa-mir-1299,CCUCAUGGCAGUGUUCUGGAAUCCUACGUGAGGGACAAUCAUUCAGACCCACGUAGCAGUGUUCUGGAAUUCUGUGUGAGGGA
hsa-mir-548l,UAUUAGGUUGGUGCAAAAGUAUUUGCGGGUUUUGUCGUAGAAAGUAAUGGCAAAAACUGCAGUUACUUGUGCACCAACCAAAUGCU
hsa-mir-1302-1,CAGAAAGCCCAGUUAAAUUUGAAUUUCAAGUAAACAAUGAAUAAUUGUGUAUGUAAGAAUAUCCCAUACAAUAUUUGGGACAUACUUAUGCUAAAAAUUAUUCCUUGCUUAUCUGAAAUUCAAAUGUAACUAGGAUUCCUGUA
hsa-mir-1302-2,GGAUGCCCAGCUAGUUUGAAUUUUAGAUAAACAACGAAUAAUUUCGUAGCAUAAAUAUGUCCCAAGCUUAGUUUGGGACAUACUUAUGCUAAAAAACAUUAUUGGUUGUUUAUCUGAGAUUCAGAAUUAAGCAUUUUA
hsa-mir-1302-3,GGAUGCCCAGCUAGUUUGAAUUUUAGAUAAACAACGAAUAAUUUCGUAGCAUAAAUAUUUCCCAAGCUUAGUUUGGGACAUACUUAUGCUAAAAAACAUUAUUGGUUGUUUAUCUGAGAUUCAAAAUUAAGCAUUUUA
hsa-mir-1302-4,AAUGCAGAAGCACAGCUAAAAUUUGAAUUUCAGAUAAACAAAUUUUUCUUAGAAUAAGUAUGUCUCCAUGCAACAUUUGGGACAUACUUAUGCUAAAAUAUUAUUUGUGUUUCAUCUGAAAUUCAAAUUCAACUGGACAUCCUGUAUUUU
hsa-mir-1302-5,UGCCCGGCCUCCCAUUAAAUUGGUUUUUCAGACAAAUCACAAAUUUGUUUAGGUAUAAGUAUAUCCCAUGUAAUCUUUGGGACAUACUUAUGCUAAAAUAAUUGUUCCUUGUUGAUUGGAAAUUUUAAUUUUAAUUAGGUGUCCUGUAUU
hsa-mir-1302-6,AACAAAUAAUUUGGUAAUAUAUGUAUGGCCCACACAAUAUUUAGGACAACAAUAUUUGGGACAUACUUAUGCUAAAAAAGUAUUUGUUGA
hsa-mir-1302-7,ACAACAUGUUUUUAGGACAUGUAUGUCUGGUGCAAUAAUUGGGACAUACUUAUGCUAAAAAAAUUAGUGUUC
hsa-mir-1302-8,CCCAUUUAAACUUGAAUUUCAUAUAAACACCGUAAUUUUCAGCAUUAGUGUAUCACAUGCAGUAUUUGGGACAUACUUAUGCUAAAAAAUUAGGUGGUGUUGAUCUGAAAUUCCAGUGUAGAUGGGCA
hsa-mir-1303,GGCUGGGCAACAUAGCGAGACCUCAACUCUACAAUUUUUUUUUUUUUAAAUUUUAGAGACGGGGUCUUGCUCUGUUGCCAGGCUUU
hsa-mir-1304,AAACACUUGAGCCCAGCGGUUUGAGGCUACAGUGAGAUGUGAUCCUGCCACAUCUCACUGUAGCCUCGAACCCCUGGGCUCAAGUGAUUCA
hsa-mir-1305,AAGAUCCUGCUGUUUCUACCAUUAGUUUUGAAUGUUUAUUGUAAAGAUACUUUUCAACUCUAAUGGGAGAGACAGCAGGAUUCUCC
hsa-mir-1245a,AUUUAUGUAUAGGCCUUUAGAUCAUCUGAUGUUGAAUACUCUUUAAGUGAUCUAAAGGCCUACAUAUAAA
hsa-mir-1246,UGUAUCCUUGAAUGGAUUUUUGGAGCAGGAGUGGACACCUGACCCAAAGGAAAUCAAUCCAUAGGCUAGCAAU
hsa-mir-1247,CCGCUUGCCUCGCCCAGCGCAGCCCCGGCCGCUGGGCGCACCCGUCCCGUUCGUCCCCGGACGUUGCUCUCUACCCCGGGAACGUCGAGACUGGAGCGCCCGAACUGAGCCACCUUCGCGGACCCCGAGAGCGGCG
hsa-mir-1248,UUUACCUUCUUGUAUAAGCACUGUGCUAAAAUUGCAGACACUAGGACCAUGUCUUGGUUUUUGCAAUAAUGCUAGCAGAGUACACACAAGAAGAAAAGUAACAGCA
hsa-mir-1249,GGGAGGAGGGAGGAGAUGGGCCAAGUUCCCUCUGGCUGGAACGCCCUUCCCCCCCUUCUUCACCUG
hsa-mir-1253,AGCAGCAAGAGAUAGAAUCCAAAAGAGAAGAAGAUCAGCCUGCAGAUGUGGACUGCUAAAUGCAGGCUGAUCUUCUCCCCUUUGGGAUUCUCUUAUGAGAAGCCA
hsa-mir-1255a,AUUGGAAAUCCUUUGAGUUGCUUCUCAAGGAUGAGCAAAGAAAGUAGAUUUUUUAGAUUCUAAAGAAACUAUCUUCUUUGCUCAUCCUUGAGAAGCAACUCCUUAUCCAUUAA
hsa-mir-1256,AGUCAGCCUGUUGAAGCUUUGAAGCUUUGAUGCCAGGCAUUGACUUCUCACUAGCUGUGAAAGUCCUAGCUAAAGAGAAGUCAAUGCAUGACAUCUUGUUUCAAUAGAUGGCUGUUUCA
hsa-mir-1258,CUGUGGCUUCCACGACCUAAUCCUAACUCCUGCGAGUCCCUGGAGUUAGGAUUAGGUCGUGGAAGCCACAGGA
hsa-mir-1260a,ACCUUUCCAGCUCAUCCCACCUCUGCCACCAAAACACUCAUCGCGGGGUCAGAGGGAGUGCCAAAAAAGGUAA
hsa-mir-1261,UGCUAUGGAUAAGGCUUUGGCUUAUGGGGAUAUUGUGGUUGAUCUGUUCUAUCCAGAUGACUGAAACUUUCUCCAUAGCAGC
hsa-mir-1265,AUGGUUUGGGACUCAGGAUGUGGUCAAGUGUUGUUAAGGCAUGUUCAGGAACAAUACUUGACCACAUUUUGAAUUCCAAACCAUAU
hsa-mir-1266,ACAGGUAGUGUCCCUCAGGGCUGUAGAACAGGGCUGGGAUUACUAAAGCCCUGUUCUAUGCCCUGAGGGACACUGAGCAUGUCA
hsa-mir-1267,CUCCCAAAUCUCCUGUUGAAGUGUAAUCCCCACCUCCAGCAUUGGGGAUUACAUUUCAACAUGAGAUUUGGAUGAGGA
hsa-mir-1268a,UAGCCGGGCGUGGUGGUGGGGGCCUGUGGUCCCAGCUACUUUGGAGGCUGAG
hsa-mir-1269a,UGGAUUGCCUAGACCAGGGAAGCCAGUUGGCAUGGCUCAGUCCAAGUCUGACCACCUGAGGAAUGCCUGGACUGAGCCGUGCUACUGGCUUCCCUGGUCUCCAGC
hsa-mir-1270,CACAGAGUUAUACUGGAGAUAUGGAAGAGCUGUGUUGGGUAUAAGUAACAGGCUUUUCUUUAUCUUCUAUGUGGCUCUUUGCA
hsa-mir-1275,CCUCUGUGAGAAAGGGUGUGGGGGAGAGGCUGUCUUGUGUCUGUAAGUAUGCCAAACUUAUUUUCCCCAAGGCAGAGGGA
hsa-mir-1276,CCCCAGCUAGGUAAAGAGCCCUGUGGAGACACCUGGAUUCAGAGAACAUGUCUCCACUGAGCACUUGGGCCUUGAUGGCGGCU
hsa-mir-302e,UUGGGUAAGUGCUUCCAUGCUUCAGUUUCCUUACUGGUAAGAUGGAUGUAGUAAUAGCACCUACCUUAUAGA
hsa-mir-302f,UCUGUGUAAACCUGGCAAUUUUCACUUAAUUGCUUCCAUGUUUAUAAAAGA
hsa-mir-1277,ACCUCCCAAAUAUAUAUAUAUAUGUACGUAUGUGUAUAUAAAUGUAUACGUAGAUAUAUAUGUAUUUUUGGUGGGUUU
hsa-mir-548p,AUUAGGUUGGUAUAAAAUUAAUUGCAGUUUUUGUCAUUACUUUCAAUAGCAAAAACUGCAGUUACUUUUGCACCAAUGUAAUAC
hsa-mir-1281,AGGGGGCACCGGGAGGAGGUGAGUGUCUCUUGUCGCCUCCUCCUCUCCCCCCUU
hsa-mir-1282,CCUUCUUCUCGUUUGCCUUUUUCUGCUUCUGCUGCAUGAUCUCCGAGUCCCUGGGGGUAGAGAUGAUGGGGCACUGGGAGGUACCAGAGGGCAAAAAGGAC
hsa-mir-1284,AUUUUGAUAUAUAAGCCAGUUUAAUGUUUUCUAUACAGACCCUGGCUUUUCUUAAAUUUUAUAUAUUGGAAAGCCCAUGUUUGUAUUGGAAACUGCUGGUUUCUUUCAUACUGAAAAUCU
hsa-mir-1288,GAGGGUGUUGAUCAGCAGAUCAGGACUGUAACUCACCAUAGUGGUGGACUGCCCUGAUCUGGAGACCACUGCCUU
hsa-mir-1292,CCUGGGAACGGGUUCCGGCAGACGCUGAGGUUGCGUUGACGCUCGCGCCCCGGCUCCCGUUCCAGG
hsa-mir-664a,GAACAUUGAAACUGGCUAGGGAAAAUGAUUGGAUAGAAACUAUUAUUCUAUUCAUUUAUCCCCAGCCUACAAAAUGAAAAAA
hsa-mir-1306,GUGAGCAGUCUCCACCACCUCCCCUGCAAACGUCCAGUGGUGCAGAGGUAAUGGACGUUGGCUCUGGUGGUGAUGGACAGUCCGA
hsa-mir-1307,CAUCAAGACCCAGCUGAGUCACUGUCACUGCCUACCAAUCUCGACCGGACCUCGACCGGCUCGUCUGUGUUGCCAAUCGACUCGGCGUGGCGUCGGUCGUGGUAGAUAGGCGGUCAUGCAUACGAAUUUUCAGCUCUUGUUCUGGUGAC
hsa-mir-513b,GUGUACAGUGCCUUUCACAAGGAGGUGUCAUUUAUGUGAACUAAAAUAUAAAUGUCACCUUUUUGAGAGGAGUAAUGUACAGCA
hsa-mir-513c,GCGUACAGUGCCUUUCUCAAGGAGGUGUCGUUUAUGUGAACUAAAAUAUAAAUUUCACCUUUCUGAGAAGAGUAAUGUACAGCA
hsa-mir-1322,AGUAUCAUGAAUUAGAAACCUACUUAUUACAUAGUUUACAUAAGAAGCGUGAUGAUGCUGCUGAUGCUGUA
hsa-mir-1324,CCUGAAGAGGUGCAUGAAGCCUGGUCCUGCCCUCACUGGGAACCCCCUUCCCUCUGGGUACCAGACAGAAUUCUAUGCACUUUCCUGGAGGCUCCA
hsa-mir-1469,CUCGGCGCGGGGCGCGGGCUCCGGGUUGGGGCGAGCCAACGCCGGGG
hsa-mir-1471,GCCCGCGUGUGGAGCCAGGUGUAGAGGCGGAGCACAGCUGGCUCUAAUUUGAGGGGC
hsa-mir-1538,GGGAACAGCAGCAACAUGGGCCUCGCUUCCUGCCGGCGCGGCCCGGGCUGCUGCUGUUCCU
hsa-mir-103b-1,UCAUAGCCCUGUACAAUGCUGCUUGAUCCAUAUGCAACAAGGCAGCACUGUAAAGAAGCCGA
hsa-mir-103b-2,UCAUAGCCCUGUACAAUGCUGCUUGACCUGAAUGCUACAAGGCAGCACUGUAAAGAAGCUGA
hsa-mir-320d-1,AAAAUGUUGGCCUUCUCGUCCCAGUUCUUCCCAAAGUUGAGAAAAGCUGGGUUGAGAGGAUGAAAAGAAAAA
hsa-mir-320d-2,UAUCAAUAAGCCUUCUCUUCCCAGUUCUUCUUGGAGUCAGGAAAAGCUGGGUUGAGAGGAGCAGAAAAGAAA
hsa-mir-1825,AGAGACUGGGGUGCUGGGCUCCCCUAGACUAGGACUCCAGUGCCCUCCUCUCC
hsa-mir-1827,UCAGCAGCACAGCCUUCAGCCUAAAGCAAUGAGAAGCCUCUGAAAGGCUGAGGCAGUAGAUUGAAU
hsa-mir-1908,CGGGAAUGCCGCGGCGGGGACGGCGAUUGGUCCGUAUGUGUGGUGCCACCGGCCGCCGGCUCCGCCCCGGCCCCCGCCCC
hsa-mir-1909,CAUCCAGGACAAUGGUGAGUGCCGGUGCCUGCCCUGGGGCCGUCCCUGCGCAGGGGCCGGGUGCUCACCGCAUCUGCCCC
hsa-mir-1910,UGUCCCUUCAGCCAGUCCUGUGCCUGCCGCCUUUGUGCUGUCCUUGGAGGGAGGCAGAAGCAGGAUGACAAUGAGGGCAA
hsa-mir-1914,CGUGUGAGCCCGCCCUGUGCCCGGCCCACUUCUGCUUCCUCUUAGCGCAGGAGGGGUCCCGCACUGGGAGGGGCCCUCAC
hsa-mir-1915,UGAGAGGCCGCACCUUGCCUUGCUGCCCGGGCCGUGCACCCGUGGGCCCCAGGGCGACGCGGCGGGGGCGGCCCUAGCGA
hsa-mir-1972-1,UAUAGGCAUGUGCCACCACACCUGGCUUAAAUGUGUCAUUUAAAAAUUCAGGCCAGGCACAGUGGCUCAUGCCUGUA
hsa-mir-1973,UAUGUUCAACGGCCAUGGUAUCCUGACCGUGCAAAGGUAGCAUA
hsa-mir-1976,GCAGCAAGGAAGGCAGGGGUCCUAAGGUGUGUCCUCCUGCCCUCCUUGCUGU
hsa-mir-2110,CAGGGGUUUGGGGAAACGGCCGCUGAGUGAGGCGUCGGCUGUGUUUCUCACCGCGGUCUUUUCCUCCCACUCUUG
hsa-mir-2116,GACCUAGGCUAGGGGUUCUUAGCAUAGGAGGUCUUCCCAUGCUAAGAAGUCCUCCCAUGCCAAGAACUCCCAGACUAGGA
hsa-mir-2278,GUGCUGCAGGUGUUGGAGAGCAGUGUGUGUUGCCUGGGGACUGUGUGGACUGGUAUCACCCAGACAGCUUGCACUGACUCCAGACCCUGCCGUCAU
hsa-mir-2682,ACCUUCCUGAAAGAGGUUGGGGCAGGCAGUGACUGUUCAGACGUCCAAUCUCUUUGGGACGCCUCUUCAGCGCUGUCUUCCCUGCCUCUGCCUUUAGGACGAGUCUCAAA
hsa-mir-711,ACUGACUUUGAGUCUCUCCUCAGGGUGCUGCAGGCAAAGCUGGGGACCCAGGGAGAGACGUAAGUGAGGGGAGAUG
hsa-mir-718,GGCCGCGGCGCGCAAGAUGGCGGCGGGCCCGGGCACCGCCCCUUCCGCCCCGCCGGGCGUCGCACGAGGC
hsa-mir-2861,GGCGCCUCUGCAGCUCCGGCUCCCCCUGGCCUCUCGGGAACUACAAGUCCCAGGGGGCCUGGCGGUGGGCGGCGGGCGGAAGAGGCGGGG
hsa-mir-2909,GGUGUUAGGGCCAACAUCUCUUGGUCUUUCCCCUGUGGUCCCAAGAUGGCUGUUGCAACUUAACGCCAU
hsa-mir-3117,CCCUAAAGGGCCAGACACUAUACGAGUCAUAUAAGGGAAGGCAUUAUAGGACUCAUAUAGUGCCAGGUGUUUUGUGGG
hsa-mir-3120,GUCAUGUGACUGCCUGUCUGUGCCUGCUGUACAGGUGAGCGGAUGUUCUGCACAGCAAGUGUAGACAGGCAGACACAUGAC
hsa-mir-3126,AUGAUUAUAUGAGGGACAGAUGCCAGAAGCACUGGUUAUGAUUUGCAUCUGGCAUCCGUCACACAGAUAAUUAU
hsa-mir-3127,GGCCAGGCCCAUCAGGGCUUGUGGAAUGGGAAGGAGAAGGGACGCUUCCCCUUCUGCAGGCCUGCUGGGUGUGGCU
hsa-mir-3130-1,CUUGUCAUGUCUUACCCAGUCUCCGGUGCAGCCUGUUGUCAAGGCUGCACCGGAGACUGGGUAAGACAUGACAAG
hsa-mir-3130-2,CUUGUCAUGUCUUACCCAGUCUCCGGUGCAGCCUUGACAACAGGCUGCACCGGAGACUGGGUAAGACAUGACAAG
hsa-mir-3131,GAGUCGAGGACUGGUGGAAGGGCCUUUCCCCUCAGACCAAGGCCCUGGCCCCAGCUUCUUCUC
hsa-mir-378b,GGUCAUUGAGUCUUCAAGGCUAGUGGAAAGAGCACUGGACUUGGAGGCAGAAAGACC
hsa-mir-466,GUGUGUGUAUAUGUGUGUUGCAUGUGUGUAUAUGUGUGUAUAUAUGUACACAUACACAUACACGCAACACACAUAUAUACAUGC
hsa-mir-544b,GGAAUUUUGUUAAAAUGCAGAAUCCAUUUCUGUAGCUCUGAGACUAGACCUGAGGUUGUGCAUUUCUAACAAAGUGCC
hsa-mir-3138,CCCUCCUCGGCACUUCCCCCACCUCACUGCCCGGGUGCCCACAAGACUGUGGACAGUGAGGUAGAGGGAGUGCCGAGGAGGG
hsa-mir-548t,AGGGUGGUGCAAAAGUGAUCGUGGUUUUUGCAAUUUUUUAAUGACAAAAACCACAAUUACUUUUGCACCAACCU
hsa-mir-3142,UUCAGAAAGGCCUUUCUGAACCUUCAGAAAGGCUGCUGAAUCUUCAGAAAGGCCUUUCUGAACCUUCAGAAAGGCUGCUGAA
hsa-mir-3144,AACUACACUUUAAGGGGACCAAAGAGAUAUAUAGAUAUCAGCUACCUAUAUACCUGUUCGGUCUCUUUAAAGUGUAGUU
hsa-mir-1273c,UGCAGCCUGGGCGACAAAACGAGACCCUGUCUUUUUUUUUUUCUGAGACAGAGUCUCGUUCUGUUGCCCAAGCUGGA
hsa-mir-3148,GAGUUAAGAUGGAAAAAACUGGUGUGUGCUUAUUGAUGUAGCCAACAAGCAUACAUCAGUUUUUUCCAACUUAACUC
hsa-mir-3149,AUACAUACAUGUACACACACAUGUCAUCCACACACAUACAUAUAUAUAUGUUUGUAUGGAUAUGUGUGUGUAUGUGUGUGUAU
hsa-mir-3151,GGGGUGAUGGGUGGGGCAAUGGGAUCAGGUGCCUCAAAGGGCAUCCCACCUGAUCCCACAGCCCACCUGUCACCCC
hsa-mir-3074,GCUCGACUCCUGUUCCUGCUGAACUGAGCCAGUGUGUAAAAUGAGAACUGAUAUCAGCUCAGUAGGCACCGGAGGGCGGGU
hsa-mir-3157,GGGAAGGGCUUCAGCCAGGCUAGUGCAGUCUGCUUUGUGCCAACACUGGGGUGAUGACUGCCCUAGUCUAGCUGAAGCUUUUCCC
hsa-mir-3161,CCUCGAGAGCUGAUAAGAACAGAGGCCCAGAUUGAAGUUGAAUAGUGCUGGGCCUUUGUUUUUACCAAGUUCCCUGG
hsa-mir-3162,CUGACUUUUUUAGGGAGUAGAAGGGUGGGGAGCAUGAACAAUGUUUCUCACUCCCUACCCCUCCACUCCCCAAAAAAGUCAG
hsa-mir-3163,UUCCUCAUCUAUAAAAUGAGGGCAGUAAGACCUUCCUUCCUUGUCUUACUACCCCCAUUUUAUAGAUGAGGAA
hsa-mir-1260b,UCUCCGUUUAUCCCACCACUGCCACCAUUAUUGCUACUGUUCAGCAGGUGCUGCUGGUGGUGAUGGUGAUAGUCUGGUGGGGGCGGUGG
hsa-mir-3171,UAUAUAUAGAGAUGUAUGGAAUCUGUAUAUAUCUAUAUAUAUGUGUAUAUAUAGAUUCCAUAAAUCUAUAUAUG
hsa-mir-323b,UGGUACUCGGAGGGAGGUUGUCCGUGGUGAGUUCGCAUUAUUUAAUGAUGCCCAAUACACGGUCGACCUCUUUUCGGUAUCA
hsa-mir-3175,CCUGGGGGGCGGGGAGAGAACGCAGUGACGUCUGGCCGCGUGCGCAUGUCGGGCGCUUUCUCCUCCCCCUACCCAGG
hsa-mir-3176,UGGCCUCUCCAGUCUGCAGCUCCCGGCAGCCUCGGGCCACACUCCCGGGAUCCCCAGGGACUGGCCUGGGACUACCGGGGGUGGCGGCCG
hsa-mir-3177,CCACGUGCCAUGUGUACACACGUGCCAGGCGCUGUCUUGAGACAUUCGCGCAGUGCACGGCACUGGGGACACGUGGCACUGG
hsa-mir-3178,GAGGCUGGGCGGGGCGCGGCCGGAUCGGUCGAGAGCGUCCUGGCUGAUGACGGUCUCCCGUGCCCACGCCCCAAACGCAGUCUC
hsa-mir-3179-1,CAGGAUCACAGACGUUUAAAUUACACUCCUUCUGCUGUGCCUUACAGCAGUAGAAGGGGUGAAAUUUAAACGUCUGUGAUCCUG
hsa-mir-3179-2,CAGGAUCACAGACGUUUAAAUUACACUCCUUCUGCUGUGCCUUACAGCAGUAGAAGGGGUGAAAUUUAAACGUCUGUGAUCCUG
hsa-mir-3179-3,CAGGAUCACAGACGUUUAAAUUACACUCCUUCUGCUGUGCCUUACAGCAGUAGAAGGGGUGAAAUUUAAACGUCUGUGAUCCUG
hsa-mir-3182,GCUGCUUCUGUAGUGUAGUCCGUGCAUCCGCCCUUCGAUGCUUGGGUUGGAUCAUAGAGCAGU
hsa-mir-3185,GAAUGGAAGAAGAAGGCGGUCGGUCUGCGGGAGCCAGGCCGCAGAGCCAUCCGCCUUCUGUCCAUGUC
hsa-mir-3065,CUGCCCUCUUCAACAAAAUCACUGAUGCUGGAGUCGCCUGAGUCAUCACUCAGCACCAGGAUAUUGUUGGAGAGGACAG
hsa-mir-3186,AGCCUGCGGUUCCAACAGGCGUCUGUCUACGUGGCUUCAACCAAGUUCAAAGUCACGCGGAGAGAUGGCUUUGGAACCAGGGGCU
hsa-mir-3189,GCCUCAGUUGCCCCAUCUGUGCCCUGGGUAGGAAUAUCCUGGAUCCCCUUGGGUCUGAUGGGGUAGCCGAUGC
hsa-mir-320e,CUCCAUGGGGCCUUCUCUUCCCAGUUCUUCCUGGAGUCGGGGAAAAGCUGGGUUGAGAAGGUGAAAAGAAAAA
hsa-mir-3195,CCGCAGCCGCCGCGCCGGGCCCGGGUUGGCCGCUGACCCCCGCGGGGCCCCCGGCGGCCGGGGCGGGGGCGGGGGCUGCCCCGG
hsa-mir-3196,GGGUGGGGGCGGGGCGGCAGGGGCCUCCCCCAGUGCCAGGCCCCAUUCUGCUUCUCUCCCAGCU
hsa-mir-3200,GGUGGUCGAGGGAAUCUGAGAAGGCGCACAAGGUUUGUGUCCAAUACAGUCCACACCUUGCGCUACUCAGGUCUGCUCGUGCCCU
hsa-mir-3201,GGGAUAUGAAGAAAAAUAAGAGGCUAGGAUUGCCUCUUAUUUUUACAUGCCC
hsa-mir-514b,CAUGUGGUACUCUUCUCAAGAGGGAGGCAAUCAUGUGUAAUUAGAUAUGAUUGACACCUCUGUGAGUGGAGUAACACAUG
hsa-mir-4295,CUUUGUGGAACAGUGCAAUGUUUUCCUUGCCUGUGGCAAGACCACUUCGGUUCAAGGCUAAGAAACUAGACUGUUCCUACAGAGA
hsa-mir-378c,GGAGGCCAUCACUGGACUUGGAGUCAGAAGAGUGGAGUCGGGUCAGACUUCAACUCUGACUUUGAAGGUGGUGAGUGCCUC
hsa-mir-4293,AGAGACACCUGUUCCUUGGGAAGCUGGUGACAUUGCUAAUUCAUUUCACACCAGCCUGACAGGAACAGCCUGACUGAA
hsa-mir-4294,CCGAUGCCUCGGGAGUCUACAGCAGGGCCAUGUCUGUGAGGGCCCAAGGGUGCAUGUGUCUCCCAGGUUUCGGUGC
hsa-mir-4301,ACCAGCCACCUCCCACUACUUCACUUGUGAACAUUGCAUUCGUGGAGGGUGGCAGGUGCAGCUCUG
hsa-mir-4298,GGGGAGGUACCUGGGACAGGAGGAGGAGGCAGCCUUGCCUCAGAAACCAAACUGUCAAAAGUGUAGGUUCCAC
hsa-mir-4302,UCAGGAGGGACCAGUGUGGCUCAGCGAGGUGGCUGAGUUUACUUAAGGUAUUGGAAUGAG
hsa-mir-4306,AAGCUGCUUAGUGUCCUUAGAGUCUCCAGAGGCAUCCCUAACCCAGAAUCUUUUGACUGUCCUCUGGAGAGAAAGGCAGUAGGUCUGUACC
hsa-mir-4310,UGGCGUCUGGGGCCUGAGGCUGCAGAACAUUGCAGCAUUCAUGUCCCACCCCCACCA
hsa-mir-4319,UUGGCUUGAGUCCCUGAGCAAAGCCACUGGGAAUGCUCCCUGAGGACGUUAUAUGAGUGCUCAGCUCAUGGGGCUAUGAUGGUCA
hsa-mir-4317,AAAAGGCGAGACAUUGCCAGGGAGUUUAUUUUGUAGCUCUCUUGAUAAAAUGUUUUAGCAAACAC
hsa-mir-4324,CGGCCCCUUUGUUAAGGGUCUCAGCUCCAGGGAACUUUAAAACCCUGAGACCCUAACCUUAAAGGUGCUGCA
hsa-mir-4257,GGCUUAGAAACAGUCCCUAGGUAGGAUUUGGGGAGGAGCUAAGAAGCCCCUACAGGGCCCAGAGGUGGGGACUGAGCCUUAGUUGG
hsa-mir-4258,ACGCCCCCCGCCCCGCCACCGCCUUGGAGGCUGACCUCUUACUUUCGGUCGGUCUUCUUCCCUGGGCUUGGUUUGGGGGCGGGGGAGUGUC
hsa-mir-4326,GCUGCUCUGCUGUUCCUCUGUCUCCCAGACUCUGGGUGGAUGGAGCAGGUCGGGGGCCA
hsa-mir-4262,GAAAGCUGCAGGUGCUGAUGUUGGGGGGACAUUCAGACUACCUGCAGCAGAGCC
hsa-mir-2355,CAGACGUGUCAUCCCCAGAUACAAUGGACAAUAUGCUAUUAUAAUCGUAUGGCAUUGUCCUUGCUGUUUGGAGAUAAUACUGCUGAC
hsa-mir-4268,AUGCACAUCAGGUUCUAGAGGUUUUGCCCUAGCGGCUCCUCCUCUCAGGAUGUGAUGUCACCUG
hsa-mir-4270,ACAAAUAGCUUCAGGGAGUCAGGGGAGGGCAGAAAUAGAUGGCCUUCCCCUGCUGGGAAGAAAGUGGGUC
hsa-mir-4271,AAAUCUCUCUCCAUAUCUUUCCUGCAGCCCCCAGGUGGGGGGGAAGAAAAGGUGGGGAAUUAGAUUC
hsa-mir-4281,GCUGGGGGUCCCCCGACAGUGUGGAGCUGGGGCCGGGUCCCGGGGAGGGGGGUUCUGGGCAG
hsa-mir-4279,UGCUCUGUGGAGCUGAGGAGCAGAUUCUCUCUCUCUCCUCCCGGCUUCACCUCCUGAG
hsa-mir-4282,GGUGAAGUUCCAGGGGAAGAUUUUAGUAUGCCACAUUUCUAAAAUUUGCAUCCAGGAACAUCAUCCU
hsa-mir-4284,GUUCUGUGAGGGGCUCACAUCACCCCAUCAAAGUGGGGACUCAUGGGGAGAGGGGGUAGUUAGGAGCUUUGAUAGAGGCGG
hsa-mir-4286,UACUUAUGGCACCCCACUCCUGGUACCAUAGUCAUAAGUUAGGAGAUGUUAGAGCUGUGAGUACCAUGACUUAAGUGUGGUGGCUUAAACAUG
hsa-mir-4290,GCCACCAAGAAGGUGAAGGGAGGGUCAGUCCCAAUCUGAAUCCCACCAAAAUAGGUGGUAGAGGGUUGCCCUCCUUUCUUCCCUCACCUCUGACC
hsa-mir-4291,CGCCGGGGGCUUCAGCAGGAACAGCUGGGUGGAGGCAGAGCUGUUCUGCUGUGGCUGCAGCCCUG
hsa-mir-500b,CCCCCUCUCUAAUCCUUGCUACCUGGGUGAGAGUGCUUUCUGAAUGCAGUGCACCCAGGCAAGGAUUCUGCAAGGGGGA
hsa-mir-3610,AAGAGCCGCGGCGUAACGGCAGCCAUCUUGUUUGUUUGAGUGAAUCGGAAAGGAGGCGCCGGCUGUGGCGGCG
hsa-mir-3611,AGCAGGUCUAAUAAGAAUUUCUUUUUCUUCACAAUUAUGAAAGAAAAGAAAUUGUGAAGAAAGAAAUUCUUACUAGUUUUGCU
hsa-mir-3613,UGGUUGGGUUUGGAUUGUUGUACUUUUUUUUUUGUUCGUUGCAUUUUUAGGAACAAAAAAAAAAGCCCAACCCUUCACACCACUUCA
hsa-mir-3614,GGUUCUGUCUUGGGCCACUUGGAUCUGAAGGCUGCCCCUUUGCUCUCUGGGGUAGCCUUCAGAUCUUGGUGUUUUGAAUUCUUACU
hsa-mir-3619,ACGGCAUCUUUGCACUCAGCAGGCAGGCUGGUGCAGCCCGUGGUGGGGGACCAUCCUGCCUGCUGUGGGGUAAGGACGGCUGU
hsa-mir-23c,AGUGACUUUCCAGGUGUCACACAGUGAGUGGCAUAAUCAGAGUACAAUUUGAGUCAUGCCCAUACAUCACAUUGCCAGUGAUUACCCAAGGAAAGUGACG
hsa-mir-3620,GUGAGGUGGGGGCCAGCAGGGAGUGGGCUGGGCUGGGCUGGGCCAAGGUACAAGGCCUCACCCUGCAUCCCGCACCCAG
hsa-mir-3622a,AAUAGAGGGUGCACAGGCACGGGAGCUCAGGUGAGGCAGGGAGCUGAGCUCACCUGACCUCCCAUGCCUGUGCACCCUCUAUU
hsa-mir-3622b,AGUGAUAUAAUAGAGGGUGCACAGGCAUGGGAGGUCAGGUGAGCUCAGCUCCCUGCCUCACCUGAGCUCCCGUGCCUGUGCACCCUCUAUUGGCU
hsa-mir-3646,UUCAGUAGGUUGGGUUCAUUUCAUUUUCAUGACAACCCUAUAUGGGAAAAUGUUGUGAAAAUGAAAUGAGCCCAGCCCAUUGAA
hsa-mir-3651,GAUUCGAUGGGCCAUAGCAAUCCUGUGAUUUAUGCAUGGAGGCUGCUUCUCCUCAGCAGCUGCCAUAGCCCGGUCGCUGGUACAUGAUUC
hsa-mir-3654,UUCAUGAGCUGCAAUCUCAUCACUGGAAUGUUCCAGCGACUGGACAAGCUGAGGAA
hsa-mir-3658,UAUUUAAGAAAACACCAUGGAGAUGAAAUGCCUUUGAUUUUUUUUUUCUUUUUGUA
hsa-mir-3662,UGUGUUUUCCUCAACGCUCACAGUUACACUUCUUACUCUCAAUCCAUUCAUAUUGAAAAUGAUGAGUAGUGACUGAUGAAGCACAAAUCAGCCAA
hsa-mir-3663,CCCGGGACCUUGGUCCAGGCGCUGGUCUGCGUGGUGCUCGGGUGGAUAAGUCUGAUCUGAGCACCACACAGGCCGGGCGCCGGGACCAAGGGGGCUC
hsa-mir-3664,CUGUAAACUUGAAGGUAGGGAACUCUGUCUUCACUCAUGAGUACCUUCCAACACGAGCUCUCAGGAGUAAAGACAGAGUUCCCUACCUUCAAUGUGGAU
hsa-mir-3666,AGUAAGGUCCGUCAGUUGUAAUGAGACCCAGUGCAAGUGUAGAUGCCGACUCCGUGGCAGAGUUCAGCGUUUCACACUGCCUGGUCUCUGUCACUCUAUUGAAUUAGAUUG
hsa-mir-3667,UGAGGAUGAAAGACCCAUUGAGGAGAAGGUUCUGCUGGCUGAGAACCUUCCUCUCCAUGGGUCUUUCAUCCUCA
hsa-mir-3677,GGCAGUGGCCAGAGCCCUGCAGUGCUGGGCAUGGGCUUCUCGUGGGCUCUGGCCACGGCC
hsa-mir-3682,UAAGUUAUAUAUGUCUACUUCUACCUGUGUUAUCAUAAUAAAGGUGUCAUGAUGAUACAGGUGGAGGUAGAAAUAUAUAACUUA
hsa-mir-3686,CUCACCUCAUUCAUUUACCUUCUCUUACAGAUCACUUUUCUGCACUGGACAGUGAUCUGUAAGAGAAAGUAAAUGAAAGAGGUGAG
hsa-mir-3714,GAAGGCAGCAGUGCUCCCCUGUGACGUGCUCCAUCACCGGGCAGGGAAGACACCGCUGCCACCUC
hsa-mir-3908,GCCUGAGCAAUGUAGGUAGACUGUUUCUAAAAAAAUAAAAAGUUAAAAAAAUUUAUGUUAACGUGUAAUGUGUUUACUAAUUUUUUUUUUUUUUUUUGGAGACAGAGUCUCCCUCUGUCGCCAGGC
hsa-mir-3909,GGUAUGCUGUUGCGCUGUCCUUCCUCUGGGGAGCAGGCUCCGGGGGACAGGGAAAAGCACACAAGGAACUUGUCCUCUAGGGCCUGCAGUCUCAUGGGAGAGUGACAUGCACCAGGACC
hsa-mir-3915,CAAGUUGGCACUGUAGAAUAUUGAGGAAAAGAUGGUCUUAUUGCAAAGAUUUUCAAUAAGACCAUCCUUUCCUCAAUAUUCUGUGGUGUCAUCUUUG
hsa-mir-3923,GGUAGAGUGAGCUCUAAUCCAAUAUUACUAGCUUCUUUAUAAGAAGAGGAAACUAGUAAUGUUGGAUUAGGGCUCACUCUACU
hsa-mir-3925,GUGGGAAUAGCAAGAGAACUGAAAGUGGAGCCUGUCACAUCUCCAGACUCCAGUUUUAGUUCUCUUGCUAUUUCCAC
hsa-mir-676,GCAUGACUCUUCAACCUCAGGACUUGCAGAAUUAAUGGAAUGCUGUCCUAAGGUUGUUGAGUUGUGC
hsa-mir-3928,GCUGAAGCUCUAAGGUUCCGCCUGCGGGCAGGAAGCGGAGGAACCUUGGAGCUUCGGC
hsa-mir-3940,GCUUAUCGAGGAAAAGAUCGAGGUGGGUUGGGGCGGGCUCUGGGGAUUUGGUCUCACAGCCCGGAUCCCAGCCCACUUACCUUGGUUACUCUCCUUCCUUCU
hsa-mir-3945,GAUGUUGAUGCACGUGACGGGGAGGGCAUAGGAGAGGGUUGAUAUAAAAUGCAAUUACAGCCUCUUAUGCUUUCCAAAGUGGGGGAUGAUUCAAUGAU
hsa-mir-374c,ACACGGACAAUGAUAAUACAACCUGCUAAGUGCUAGGACACUUAGCAGGUUGUAUUAUAUCCAUCCGAGU
hsa-mir-642b,GAGUUGGGAGGUUCCCUCUCCAAAUGUGUCUUGAUCCCCCACCCCAAGACACAUUUGGAGAGGGACCCUCCCAACUC
hsa-mir-550b-1,AGAGACUUGUUGGAGAUGUGCCUGAGGGAGUAAGACACUAUCUUACAACAACAGGGCUCUUACUCCCUCAGGCACUGCACCAGCCAGCAAAGCAUCA
hsa-mir-550b-2,AGAGACUCGCUGGAGAUGUGCCUGAGGGAGUAAGACACUAUCUGACAACAACAGGGCUCUUACUCCCUCAGGCACUGCACCAGCCAGCAAAGCAUCA
hsa-mir-1268b,ACCCGGGCGUGGUGGUGGGGGUGGGUGCCUGUAAUUCCAGCUAGUUGGGA
hsa-mir-378e,CUGACUCCAGUGUCCAGGCCAGGGGCAGACAGUGGACAGAGAACAGUGCCCAAGACCACUGGACUUGGAGUCAGGACAU
hsa-mir-378f,GUCAGGUCCUGGACUCCCAUAGUUUUCAGGCUGCUAAACAACAGAACGAGCACUGGACUUGGAGCCAGAAGUCUUGGG
hsa-mir-4423,AUCAUGUACUGCAGUUGCCUUUUUGUUCCCAUGCUGUUUAAGCCUAGCAUAGGCACCAAAAAGCAACAACAGUAUGUGAA
hsa-mir-378g,CACUGGGCUUGGAGUCAGAAGACCUGGCUCCAGCCCAGCUC
hsa-mir-548ac,GUAUUAGGUUGGUGCAAAAGUUAUUGUGGUUUUUGCUAUUUUUUUUUAAUGGCAAAAACCGGCAAUUACUUUUGCACUAACCUAGUAG
hsa-mir-4429,AGGGAGAAAAGCUGGGCUGAGAGGCGACUGGUGUCUAAUUUGUUUGUCUCUCCAACUCAGACUGCCUGGCCCA
hsa-mir-4443,GGUGGGGGUUGGAGGCGUGGGUUUUAGAACCUAUCCCUUUCUAGCCCUGAGCA
hsa-mir-4446,CUGGUCCAUUUCCCUGCCAUUCCCUUGGCUUCAAUUUACUCCCAGGGCUGGCAGUGACAUGGGUCAA
hsa-mir-4447,GUUCUAGAGCAUGGUUUCUCAUCAUUUGCACUACUGAUACUUGGGGUCAGAUAAUUGUUUGUGGUGGGGGCUGUUGUUUGCAUUGUAGGAU
hsa-mir-4448,AGGAGUGACCAAAAGACAAGAGUGCGAGCCUUCUAUUAUGCCCAGACAGGGCCACCAGAGGGCUCCUUGGUCUAGGGGUAAUGCCA
hsa-mir-4449,AGCAGCCCUCGGCGGCCCGGGGGGCGGGCGGCGGUGCCCGUCCCGGGGCUGCGCGAGGCACAGGCG
hsa-mir-4454,CCGGAUCCGAGUCACGGCACCAAAUUUCAUGCGUGUCCGUGUGAAGAGACCACCA
hsa-mir-4455,AGAAGGGUGUGUGUGUUUUUCCUGAGAAUAAGAGAAGGAAGGACAGCCAAAUUCUUCA
hsa-mir-4458,GAGCGCACAGAGGUAGGUGUGGAAGAAAGUGAAACACUAUUUUAGGUUUUAGUUACACUCUGCUGUGGUGUGCUG
hsa-mir-378h,ACAGGAACACUGGACUUGGUGUCAGAUGGGAUGAGCCCUGGCUCUGUUUCCUAGCAGCAAUCUGAUCUUGAGCUAGUCACUGG
hsa-mir-3135b,UGCCCAGGCUGGAGCGAGUGCAGUGGUGCAGUCAGUCCUAGCUCACUGCAGCCUCGAACUCCUGGGCU
hsa-mir-4463,AAUAGAUUAUUGGUCACCACCUCCAGUUUCUGAAUUUGUGAGACUGGGGUGGGGCCUGAGAAUUUGC
hsa-mir-4466,ACGCGGGUGCGGGCCGGCGGGGUAGAAGCCACCCGGCCCGGCCCGGCCCGGCGA
hsa-mir-4467,UGGUGGCGGCGGUAGUUAUGGGCUUCUCUUUCUCACCAGCAGCCCCUGGGCCGCCGCCUCCCU
hsa-mir-4469,CCGACGCGGAGAGCGGCUCUAGGUGGGUUUGGCGGCGGCGAGGACACCGCCGCUCCCUCUAGGGUCGCUCGGAGCGUGA
hsa-mir-4476,AAAAGCCUGUCCCUAAGUCCCUCCCAGCCUUCCAGAGUUGGUGCCAGGAAGGAUUUAGGGACAGGCUUUG
hsa-mir-4478,GGCCGAGGCUGAGCUGAGGAGCCUCCAAACCUGUAGACAGGGUCAUGCAGUACUAGGGGCGAGCCUCAUCCCCUGCAGCCCUGGCC
hsa-mir-4480,GCAGAGGUGAGUUGACCUCCACAGGGCCACCCAGGGAGUAAGUAGCCAAGUGGAAGUUACUUUACCUCUGU
hsa-mir-4487,ACUGUCCUUCAGCCAGAGCUGGCUGAAGGGCAGAAGGGAACUGUCCUUCAGCCAGAGCUGGCUGAAGGGCAGA
hsa-mir-4488,GGUAGGGGGCGGGCUCCGGCGCUGGGACCCCACUAGGGUGGCGCCUUGGCCCCGCCCCGCCC
hsa-mir-4489,GGGGGUGGGGCUAGUGAUGCAGGACGCUGGGGACUGGAGAAGUCCUGCCUGACCCUGUCCCA
hsa-mir-4490,AUAGUUUCUGCAAUGCUCAAAUCUCUGGCCAAAGACCAGAACUUAAUGGUCUCUGGUAAGAGAUUUGGGCAUAUUAGAAACUAA
hsa-mir-4496,ACAUCAGCUCAUAUAAUCCUCGAAGCUGCCUUUAGAAAUGAGGAAACUGAAGCUGAGAGGG
hsa-mir-4500,CAGGAGAGAAAGUACUGCCCAGAAGCUAAAGUGUAGAUCAAACGCAUAAUGGCUGAGGUAGUAGUUUCUUGAACUU
hsa-mir-4505,GGAGGCUGGGCUGGGACGGACACCCGGCCUCCACUUUCUGUGGCAGGUACCUCCUCCAUGUCGGCCCGCCUUG
hsa-mir-4508,AGGACCCAGCGGGGCUGGGCGCGCGGAGCAGCGCUGGGUGCAGCGCCUGCGCCGGCAGCUGCAAGGGCCG
hsa-mir-4511,AAAAAAAAGGGAAAGAAGAACUGUUGCAUUUGCCCUGCACUCAGUUUGCACAGGGUAAAUGCAAUAGUUCUUCUUUCCCUUUUUUUA
hsa-mir-4513,AUUCUAGGUGGGGAGACUGACGGCUGGAGGCCCAUAAGCUGUCUAAAACUUCGGCCCCCAGAUUUCUGGUCUCCCCACUUCAGAAC
hsa-mir-4516,AGGGAGAAGGGUCGGGGCAGGGAGGGCAGGGCAGGCUCUGGGGUGGGGGGUCUGUGAGUCAGCCACGGCUCUGCCCACGUCUCCCC
hsa-mir-4518,UGGGGGAAAAGUGCUGGGAUUGAUUAGUGAUGUCUGCUGGGGAACCGGGGCUCAGGGAUGAUAACUGUGCUGAGAAGCCCCCU
hsa-mir-4521,UCGGCUAAGGAAGUCCUGUGCUCAGUUUUGUAGCAUCAAAACUAGGAUUUCUCUUGUUAC
hsa-mir-4530,CGACCGCACCCGCCCGAAGCUGGGUCAAGGAGCCCAGCAGGACGGGAGCGCGGCGC
hsa-mir-4534,UGUGAAUGACCCCCUUCCAGAGCCAAAAUCACCAGGGAUGGAGGAGGGGUCUUGGGUACU
hsa-mir-378i,GGGAGCACUGGACUAGGAGUCAGAAGGUGGAGUUCUGGGUGCUGUUUUCCCACUCUUGGGCCCUGGGCAUGUUCUG
hsa-mir-548an,CAUUAGGUUGGUGCAAAAGGCAUUGUGGUUUUUGCCUAUAAAAGUAAUGGCAAAAACCGCAAUUCCUUUUGCACCAACCUAAU
hsa-mir-3960,GGCGCCCCGGCUCCCCGCGCCCCCGAUCGGGGCCGCCGCUAGUAGUGGCGGCGGCGGAGGCGGGGGCAGCGGCGGCGGCGGCGGAGGCGCC
hsa-mir-3976,UGAGGGAUAUAGAGAGCAGGAAGAUUAAUGUCAUAUUGGAGUUGGACUGCAGGGCUUCCUUUACACAAUAAAUAUUGUAUGAAGUGCUGAUGUAACCUUUACUGCAGCAUGACAUGGGAUUUGGCUGUUUUUAUGGCUC
hsa-mir-4633,UGGCAAGUCUCCGCAUAUGCCUGGCUAGCUCCUCCACAAAUGCGUGUGGAGGAGCUAGCCAGGCAUAUGCAGAGCGUCA
hsa-mir-4634,GGACAAGGGCGGCGCGACCGGCCCGGGGCUCUUGGGCGGCCGCGUUUCCCCUCC
hsa-mir-4639,UUGCUAAGUAGGCUGAGAUUGAUGUCAGGUUAUCCCCAAGCAUAACCUCACUCUCACCUUGCUUUGCAG
hsa-mir-4644,GCGGCGGUGCUCUGCCUCUUUCUCCAUCCACCCUGGUCCAGGUCCACAGCAGUGGAGAGAGAAAAGAGACAGAAGGAUGGCCGU
hsa-mir-4649,UCUGGGCGAGGGGUGGGCUCUCAGAGGGGCUGGCAGUACUGCUCUGAGGCCUGCCUCUCCCCAG
hsa-mir-4661,UUUACUCUGAACUAGCUCUGUGGAUCCUGACAGACAGCCUGAUAGACAGGAUCCACAGAGCUAGUCCAGAGUAAA
hsa-mir-4666a,AUCACUUAAAUACAUGUCAGAUUGUAUGCCUACAAAAUCCCUCCAGACUGGCAUACAAUCUGACAUGUAUUUAAGAGAU
hsa-mir-4672,GGCUGCUUCUCGCCUCUGUCCAGCUGUGUGGCCUUGGACAAGCCUCUUGGUUACACAGCUGGACAGAGGCACGAAACAGCC
hsa-mir-4687,ACCUGAGGAGCCAGCCCUCCUCCCGCACCCAAACUUGGAGCACUUGACCUUUGGCUGUUGGAGGGGGCAGGCUCGCGGGU
hsa-mir-1343,GCUGGCGUCGGUGCUGGGGAGCGGCCCCCGGGUGGGCCUCUGCUCUGGCCCCUCCUGGGGCCCGCACUCUCGCUCUGGGCCCGC
hsa-mir-4695,CCUGCAGGAGGCAGUGGGCGAGCAGGCGGGGCAGCCCAAUGCCAUGGGCCUGAUCUCACCGCUGCCUCCUUCCC
hsa-mir-4697,GGGCCCAGAAGGGGGCGCAGUCACUGACGUGAAGGGACCACAUCCCGCUUCAUGUCAGUGACUCCUGCCCCUUGGUCU
hsa-mir-4701,CCUUGGCCACCACACCUACCCCUUGUGAAUGUCGGGCAAUGGGUGAUGGGUGUGGUGUCCACA
hsa-mir-4706,GCUACGGGGAGCGGGGAGGAAGUGGGCGCUGCUUCUGCGUUAUCUGGAAGGAGCAGCCCACUCCUGUCCUGGGCUCUGUGGU
hsa-mir-4709,CUGCUUCAACAACAGUGACUUGCUCUCCAAUGGUAUCCAGUGAUUCGUUGAAGAGGAGGUGCUCUGUAGCAG
hsa-mir-203b,GCGCCCGCCGGGUCUAGUGGUCCUAAACAUUUCACAAUUGCGCUACAGAACUGUUGAACUGUUAAGAACCACUGGACCCAGCGCGC
hsa-mir-4717,GGCAGUGUUUAGGCCACAGCCACCCAUGUGUAGGGGUGGCUACACAUGGGUGGCUGUGGCCUAAACACUGCC
hsa-mir-4721,GGGCCUGGUCAUGGUCAAGCCAGGUUCCAUCAAGCCCCACCAGAAGGUGGAGGCCCAGGUGAGGGCUCCAGGUGACGGUGGGCAGGGUU
hsa-mir-4723,AGUUGGUGGGGGAGCCAUGAGAUAAGAGCACCUCCUAGAGAAUGUUGAACUAAAGGUGCCCUCUCUGGCUCCUCCCCAAAG
hsa-mir-451b,UGGGUAUAGCAAGAGAACCAUUACCAUUACUAAACUCAGUAAUGGUAACGGUUUCCUUGCCAUUCCCA
hsa-mir-4728,GUGGGAGGGGAGAGGCAGCAAGCACACAGGGCCUGGGACUAGCAUGCUGACCUCCCUCCUGCCCCAG
hsa-mir-4731,CCCUGCCAGUGCUGGGGGCCACAUGAGUGUGCAGUCAUCCACACACAAGUGGCCCCCAACACUGGCAGGG
hsa-mir-4732,GAGGGAGCUGUAGAGCAGGGAGCAGGAAGCUGUGUGUGUCCAGCCCUGACCUGUCCUGUUCUGCCCCCAGCCCCUC
hsa-mir-4736,AGGCAGGUUAUCUGGGCUGCCAUCUCCCACUGGCUGCUUGCCUGCCU
hsa-mir-4739,GGGAGGAAGAAGGGAGGAGGAGCGGAGGGGCCCUUGUCUUCCCAGAGCCUCUCCCUUCCUCCCCUCCCCCUCCC
hsa-mir-4746,GUGUCUGUGCCGGUCCCAGGAGAACCUGCAGAGGCAUCGGGUCAGCGGUGCUCCUGCGGGCCGACACUCAC
hsa-mir-4753,AUAUCUACACAAGGCCAAAGGAAGAGAACAGAUAUAUCCACAGUACACUUGGCUGUUCUCUUUCUUUAGCCUUGUGUAGAUAU
hsa-mir-371b,GGUAACACUCAAAAGAUGGCGGCACUUUCACCAGAGAGCAGAAAGUGCCCCCACAGUUUGAGUGCC
hsa-mir-499b,GGAAGCAGCACAGACUUGCUGUGAUGUUCACGUGGAGAGGAGUUAAACAUCACUGCAAGUCUUAACAGCCGCC
hsa-mir-4758,GGUGAGUGGGAGCCGGUGGGGCUGGAGUAAGGGCACGCCCGGGGCUGCCCCACCUGCUGACCACCCUCCCC
hsa-mir-4764,UCUUCCCCAUGGAUGUGGAAGGAGUUAUCUGUCACCAGUCAGAUAACUGUCACCAGUCAGUUAACUCCUUUCACACCCAUGGGGAAGA
hsa-mir-4772,GUGAUUGCCUCUGAUCAGGCAAAAUUGCAGACUGUCUUCCCAAAUAGCCUGCAACUUUGCCUGAUCAGAGGCAGUCAC
hsa-mir-4775,AUUAAGCUUUUAAUUUUUUGUUUCGGUCACUCUUGAUAGCAGACAUUGACUGAAACAAAAAAUUAAAAGCUUUAU
hsa-mir-4778,UCACAUGUCCAAUUCUGUAAAGGAAGAAGAGGUAAGAAGAAGUGAAGCCCUCUUCUUCCUUUGCAGAGUUGAAUAUGUGG
hsa-mir-4436b-1,GUGUCCUCACUUGUCCACUUCUGCCUGCCCUGCCCAAAUGGUGGAGCAGAUUCGAGGGGCAGGGCAGGAAGAAGUGGACAAGUGAGGCCAU
hsa-mir-4436b-2,GUGUCCUCACUUGUCCACUUCUGCCUGCCCUGCCCAAAUGGUGGAGCAGAUUCGAGGGGCAGGGCAGGAAGAAGUGGACAAGUGAGGCCAU
hsa-mir-4782,AUUGCCCAGUUCUGGAUAUGAAGACAAUCAAGAAAAGAUUUGGUGUUCUUGAUUGUCUUCAUAUCUAGAACUGGGCAGU
hsa-mir-1245b,UUUAUAUGUAGGCCUUUAGAUCACUUAAAGAGUAUUCAACAUCAGAUGAUCUAAAGGCCUAUACAUAAA
hsa-mir-4793,UUUCUCCUCGCUGCCCGCACAUCCUGCUCCACAGGGCAGAGGGAGGCCAAGAAGACCUCUGCACUGUGAGUUGGCUGGCUGGAGGAA
hsa-mir-5003,AUGAGUUUGCUUUGUGUCAUCCUCACAACAACCUUGCAGGGUAGAGAUGAUUUUUCCUACUUUUCUAGGUUGUUGGGGGCUGGGGCAGGGGGAACAGAG
hsa-mir-5004,GGCACUUGCUUGGGGGUUAGUGAGGACAGGGCAAAUUCACGAGAUUGGGUUGUGCAGAGGCUGACACUUGGAUUUUCCUGGGCCUCAGGACUUCCUUUCAGACAUGG
hsa-mir-5010,GAUCCAGGGAACCCUAGAGCAGGGGGAUGGCAGAGCAAAAUUCAUGGCCUACAGCUGCCUCUUGCCAAACUGCACUGGAUUUUGUGUCUCCCAUUCCCCAGAGCUGUCUGAGGUGCUUUG
hsa-mir-5091,GACUGUGGCGACGGAGACGACAAGACUGUGCUGGUCGCGGGUUGUGGGGUUUAGGUCACCGGCAGGGGUCUGGAGUCCCUGGAGGUUAGGGCU
hsa-mir-5189,GGCCCGCCUUUUAGGGGCCUCGCUGUCUGGGCACAGGCGGAUGGACAGGCUGGCCUCUGGAUGACCUGCCAACCGUCAGAGCCCAGACCCACGUGGCCUCAGUUGGGGACCAGG
hsa-mir-5193,CCUAGGAAAGGCUGCUGGUAACUGGGAUGGGGGUUGGGGGGAGGUAAGAAGUCUCUGACUCCUCCUCUACCUCAUCCCAGUUCCAUCACCUGAAGUGGACCUCUUGGGA
hsa-mir-5100,CCAUGAGGAGCUGGCAGUGGGAUGGCCUGGGGGUAGGAGCGUGGCUUCUGGAGCUAGACCACAUGGGUUCAGAUCCCAGCGGUGCCUCUAACUGGCCACAGGACCUUGGGCAGUCAGCU
hsa-mir-664b,UGGGCUAAGGGAGAUGAUUGGGUAGAAAGUAUUAUUCUAUUCAUUUGCCUCCCAGCCUACA
hsa-mir-5582,UAGGCACACUUAAAGUUAUAGCUACAUCAGUUAUAACUAUAUCAGUUAAAACUUUAAGUGUGCCUAGG
hsa-mir-5586,UAUCCAGCUUGUUACUAUAUGCUUUUUAAAUGGGGCACAGAGUGACAAGCUGGUUAAAG
hsa-mir-1295b,CACCCAGAUCUGCGGCCUAAUCACAGGCCACAUUUCUGAAUAGGCCACGGAUCUGGGCAA
hsa-mir-5590,UUGCCAUACAUAGACUUUAUUGUGUUGAUCAACAAUAAAGUUCAUGUAUGGCAA
hsa-mir-5699,CUGUACCCCUGCCCCAACAAGGAAGGACAAGAGGUGUGAGCCACACACACGCCUGGCCUCCUGUCUUUCCUUGUUGGAGCAGGGAUGUAG
hsa-mir-6068,CCUGCGAGUCUCCGGCGGUGGCUUGUGGCUGAGUGUCACGCUGCUGGCGCAGGCUCGGCC
hsa-mir-6069,UGGUGACCCCUGGGCUAGGGCCUGCUGCCCCCUGCCCAGUGCAGGAGGGUGGAGGGUCACUCCUUAGGUGGUCCCAGUG
hsa-mir-6075,GACACCACAUGCUCCUCCAGGCCUGCCUGCCCUCCAGGUCAUGUUCCAGUGUCCCACAGAUGCAGCACCACGGCCCAGGCGGCAUUGGUGUCACC
hsa-mir-6086,AGGAGGUUGGGAAGGGCAGAGAUGAGCAUAAAGUUUUUGCCUUGUUUUUCUUUUU
hsa-mir-6088,AGAGAUGAAGCGGGGGGGCGGGGUCUUGCUCUAUUGCCUACGCUGAUCUCA
hsa-mir-6124,GGGGAGGUAGGGAAAAGGAAGGGGGAGGAGAAGGUGAGACCAAUGUCCUGGGUGCCACUCCUGCCCAGUGCCUCCCUUCCUCGUU
hsa-mir-6126,AGCCUGUGGGAAAGAGAAGAGCAGGGCAGGGUGAAGGCCCGGCGGAGACACUCUGCCCACCCCACACCCUGCCUAUGGGCCACACAGCU
hsa-mir-6133,GGAAUGUCACCUGUGUGUUUUCUCUGCAUGCCCUCUUCAUUGUUCUGCUGAAGACUGGUCUCUUCAUGUGUGAGGGAGGAGGUUGGGUAUUGAGGGAAAACAGGGGGC
hsa-mir-6508,UUCCUCUAGAAAUGCAUGACCCACCCUGAGUUUUGGUGGGCCAUGCAUUUCUAGAACUCC
hsa-mir-6720,UUGAGCGAGAGAUUGUGGCGCACCGAGUUCUUCCAGCCCUGGUAGGCGCCGCGGAAGAAGGGGAAGCGCGCCUGCAGGAACUGGUAGAUCUCGCUGAG
hsa-mir-6721,CCCUCAUCUCUGGGCAGGGGCUUAUUGUAGGAGUCUCUGAAGAGAGCUGUGGACUGACCUGCUUUAACCCUUCCCCAGGUUCCCAUU
hsa-mir-6729,GAGGGUGGGCGAGGGCGGCUGAGCGGCUCCAUCCCCCGGCCUGCUCAUCCCCCUCGCCCUCUCAG
hsa-mir-6798,GGCAGCCAGGGGGAUGGGCGAGCUUGGGCCCAUUCCUUUCCUUACCCUACCCCCCAUCCCCCUGUAG
hsa-mir-6799,GAGGAGGGGAGGUGUGCAGGGCUGGGGUCACUGACUCUGCUUCCCCUGCCCUGCAUGGUGUCCCCACAG
hsa-mir-6826,CUUGGUCAAUAGGAAAGAGGUGGGACCUCCUGGCUUUUCCUCUGCAGCAUGGCUCGGACCUAGUGCAAUGUUUAAGCUCCCCUCUCUUUCCUGUUCAG
hsa-mir-6831,GUAGGUAGAGUGUGAGGAGGAGGUCUGAGCCCAUGUGUGGACCUAGGUCUGCUGUUAAACUGACUAACUCCCACUCUACAG
hsa-mir-6780b,CAGCCUGGGGAAGGCUUGGCAGGGAAGACACAUGAGCAGUGCCUCCACUUCACGCCUCUCCCUUGUCUCCUUUCCCUAG
hsa-mir-6836,GGCUCCGCAGGGCCCUGGCGCAGGCAUCCAGACAGCGGGCGAAUGCCUCCCCCGGCCCCGCAG
hsa-mir-6838,CAGGGAAGCAGCAGUGGCAAGACUCCUAGGUCACGGAAGUCCUGCUUCUGUUGCAG
hsa-mir-6852,UGCUGCCCUGGGGUUCUGAGGACAUGCUCUGACUCCCCUGAUGUCCUCUGUUCCUCAGGUGCUGGG
hsa-mir-6853,GGGAAAGCGUGGGAUGUCCAUGAAGUCAGGUGAUGGUGAUAAGGUCAAGGCCUGUUCAUUGGAACCCUGCGCAG
hsa-mir-6861,GAGGCACUGGGUAGGUGGGGCUCCAGGGCUCCUGACACCUGGACCUCUCCUCCCCAGGCCCACA
hsa-mir-6867,CCCGGUGUGUGUGUAGAGGAAGAAGGGAAGCUGGGAACCUGACUGCCUCUCCCUCUUUACCCACUAG
hsa-mir-6869,GUGAGUAGUGGCGCGCGGCGGCUCGGAGUACCUCUGCCGCCGCGCGCAUCGGCUCAGCAUGC
hsa-mir-6873,CCCAGCAGAGGGAAUACAGAGGGCAAUCAGGACUGGGUCAUUCUCUCUGUCUUUCUCUCUCAG
hsa-mir-6875,GAGUCUGAGGGACCCAGGACAGGAGAAGGCCUAUGGUGAUUUGCAUUCUUCCUGCCCUGGCUCCAUCCUCAG
hsa-mir-6880,GAGGGUGGUGGAGGAAGAGGGCAGCUCCCAUGACUGCCUGACCGCCUUCUCUCCUCCCCCAG
hsa-mir-6886,CUUGGCCCGCAGGUGAGAUGAGGGCUCCUGGCGCUGAUGCCCUUCUCUCCUCCUGCCUCAG
hsa-mir-7107,UGCCGUCGGCCUGGGGAGGAGGAAGGGCAAGUCCAAAGGUAUACAGUUGGUCUGUUCAUUCUCUCUUUUUGGCCUACAAG
hsa-mir-7161,UAAAGACUGUAGAGGCAACUGGUGUUCUCACGCAAAGUGGCCAGGGUGUGGGAGACUAGAUCUUUGACUCUGGCAGUCUCCAGG
hsa-mir-7702,CUUAGACUGCCAGACUCCCUGAGGACAUGCAGUUUCAGGGAGUCUGGUAGUCUAAGUGU
hsa-mir-7706,UGGAGCUGUGUGCAGGGCCAGCGCGGAGCCCGAGCAGCCGCGGUGAAGCGCCUGUGCUCUGCCGAGA
hsa-mir-7847,GUGUCGGCUGUGGCGUGACUGUCCCUCUGUGUCCCCCACUAGGCCCACUGCUCAGUGGAGCGUGGAGGACGAGGAGGAGGCCGUCCACGAGCAAUGCCAGCAU
hsa-mir-8084,CAGAUAAAUAGAAUACUAAGUAAAAAAUCAGUAUGGAUUAAAUUUAUAUUUUCCUCGAUACUGAGUAUUUUUUCUUAGGUUUAGUUUGG
hsa-mir-9500,AAAAGGGAAGAUGGUGACCACAUAGGAGGGACAGCGGCCUUUCCAACAGGGGACCCUUGCCAGCC
hsa-mir-101-2,ACUGUCCUUUUUCGGUUAUCAUGGUACCGAUGCUGUAUAUCUGAAAGGUACAGUACUGUGAUAACUGAAGAAUGGUGGU
hsa-mir-103a-1,UACUGCCCUCGGCUUCUUUACAGUGCUGCCUUGUUGCAUAUGGAUCAAGCAGCAUUGUACAGGGCUAUGAAGGCAUUG
hsa-mir-519a-2,UCUCAGGCUGUGUCCCUCUACAGGGAAGCGCUUUCUGUUGUCUGAAAGAAAGGAAAGUGCAUCCUUUUAGAGUGUUACUGUUUGAGA
